"OrderItemID","OrderID","ProductID","Quantity","UnitPrice"
"1","1","8","4","18.00"
"2","2","15","2","31.00"
"3","3","22","5","44.00"
"4","4","29","3","57.00"
"5","5","36","1","70.00"
"6","6","43","4","83.00"
"7","7","50","2","96.00"
"8","8","57","5","109.00"
"9","9","64","3","122.00"
"10","10","71","1","135.00"
"11","11","78","4","148.00"
"12","12","85","2","161.00"
"13","13","92","5","174.00"
"14","14","99","3","187.00"
"15","15","6","1","200.00"
"16","16","13","4","213.00"
"17","17","20","2","226.00"
"18","18","27","5","239.00"
"19","19","34","3","252.00"
"20","20","41","1","265.00"
"21","21","48","4","278.00"
"22","22","55","2","291.00"
"23","23","62","5","304.00"
"24","24","69","3","317.00"
"25","25","76","1","330.00"
"26","26","83","4","343.00"
"27","27","90","2","356.00"
"28","28","97","5","369.00"
"29","29","4","3","382.00"
"30","30","11","1","395.00"
"31","31","18","4","408.00"
"32","32","25","2","421.00"
"33","33","32","5","434.00"
"34","34","39","3","447.00"
"35","35","46","1","460.00"
"36","36","53","4","473.00"
"37","37","60","2","486.00"
"38","38","67","5","499.00"
"39","39","74","3","12.00"
"40","40","81","1","25.00"
"41","41","88","4","38.00"
"42","42","95","2","51.00"
"43","43","2","5","64.00"
"44","44","9","3","77.00"
"45","45","16","1","90.00"
"46","46","23","4","103.00"
"47","47","30","2","116.00"
"48","48","37","5","129.00"
"49","49","44","3","142.00"
"50","50","51","1","155.00"
"51","51","58","4","168.00"
"52","52","65","2","181.00"
"53","53","72","5","194.00"
"54","54","79","3","207.00"
"55","55","86","1","220.00"
"56","56","93","4","233.00"
"57","57","100","2","246.00"
"58","58","7","5","259.00"
"59","59","14","3","272.00"
"60","60","21","1","285.00"
"61","61","28","4","298.00"
"62","62","35","2","311.00"
"63","63","42","5","324.00"
"64","64","49","3","337.00"
"65","65","56","1","350.00"
"66","66","63","4","363.00"
"67","67","70","2","376.00"
"68","68","77","5","389.00"
"69","69","84","3","402.00"
"70","70","91","1","415.00"
"71","71","98","4","428.00"
"72","72","5","2","441.00"
"73","73","12","5","454.00"
"74","74","19","3","467.00"
"75","75","26","1","480.00"
"76","76","33","4","493.00"
"77","77","40","2","6.00"
"78","78","47","5","19.00"
"79","79","54","3","32.00"
"80","80","61","1","45.00"
"81","81","68","4","58.00"
"82","82","75","2","71.00"
"83","83","82","5","84.00"
"84","84","89","3","97.00"
"85","85","96","1","110.00"
"86","86","3","4","123.00"
"87","87","10","2","136.00"
"88","88","17","5","149.00"
"89","89","24","3","162.00"
"90","90","31","1","175.00"
"91","91","38","4","188.00"
"92","92","45","2","201.00"
"93","93","52","5","214.00"
"94","94","59","3","227.00"
"95","95","66","1","240.00"
"96","96","73","4","253.00"
"97","97","80","2","266.00"
"98","98","87","5","279.00"
"99","99","94","3","292.00"
"100","100","1","1","305.00"
"101","101","8","4","318.00"
"102","102","15","2","331.00"
"103","103","22","5","344.00"
"104","104","29","3","357.00"
"105","105","36","1","370.00"
"106","106","43","4","383.00"
"107","107","50","2","396.00"
"108","108","57","5","409.00"
"109","109","64","3","422.00"
"110","110","71","1","435.00"
"111","111","78","4","448.00"
"112","112","85","2","461.00"
"113","113","92","5","474.00"
"114","114","99","3","487.00"
"115","115","6","1","500.00"
"116","116","13","4","13.00"
"117","117","20","2","26.00"
"118","118","27","5","39.00"
"119","119","34","3","52.00"
"120","120","41","1","65.00"
"121","121","48","4","78.00"
"122","122","55","2","91.00"
"123","123","62","5","104.00"
"124","124","69","3","117.00"
"125","125","76","1","130.00"
"126","126","83","4","143.00"
"127","127","90","2","156.00"
"128","128","97","5","169.00"
"129","129","4","3","182.00"
"130","130","11","1","195.00"
"131","131","18","4","208.00"
"132","132","25","2","221.00"
"133","133","32","5","234.00"
"134","134","39","3","247.00"
"135","135","46","1","260.00"
"136","136","53","4","273.00"
"137","137","60","2","286.00"
"138","138","67","5","299.00"
"139","139","74","3","312.00"
"140","140","81","1","325.00"
"141","141","88","4","338.00"
"142","142","95","2","351.00"
"143","143","2","5","364.00"
"144","144","9","3","377.00"
"145","145","16","1","390.00"
"146","146","23","4","403.00"
"147","147","30","2","416.00"
"148","148","37","5","429.00"
"149","149","44","3","442.00"
"150","150","51","1","455.00"
"151","151","58","4","468.00"
"152","152","65","2","481.00"
"153","153","72","5","494.00"
"154","154","79","3","7.00"
"155","155","86","1","20.00"
"156","156","93","4","33.00"
"157","157","100","2","46.00"
"158","158","7","5","59.00"
"159","159","14","3","72.00"
"160","160","21","1","85.00"
"161","161","28","4","98.00"
"162","162","35","2","111.00"
"163","163","42","5","124.00"
"164","164","49","3","137.00"
"165","165","56","1","150.00"
"166","166","63","4","163.00"
"167","167","70","2","176.00"
"168","168","77","5","189.00"
"169","169","84","3","202.00"
"170","170","91","1","215.00"
"171","171","98","4","228.00"
"172","172","5","2","241.00"
"173","173","12","5","254.00"
"174","174","19","3","267.00"
"175","175","26","1","280.00"
"176","176","33","4","293.00"
"177","177","40","2","306.00"
"178","178","47","5","319.00"
"179","179","54","3","332.00"
"180","180","61","1","345.00"
"181","181","68","4","358.00"
"182","182","75","2","371.00"
"183","183","82","5","384.00"
"184","184","89","3","397.00"
"185","185","96","1","410.00"
"186","186","3","4","423.00"
"187","187","10","2","436.00"
"188","188","17","5","449.00"
"189","189","24","3","462.00"
"190","190","31","1","475.00"
"191","191","38","4","488.00"
"192","192","45","2","501.00"
"193","193","52","5","14.00"
"194","194","59","3","27.00"
"195","195","66","1","40.00"
"196","196","73","4","53.00"
"197","197","80","2","66.00"
"198","198","87","5","79.00"
"199","199","94","3","92.00"
"200","200","1","1","105.00"
"201","201","8","4","118.00"
"202","202","15","2","131.00"
"203","203","22","5","144.00"
"204","204","29","3","157.00"
"205","205","36","1","170.00"
"206","206","43","4","183.00"
"207","207","50","2","196.00"
"208","208","57","5","209.00"
"209","209","64","3","222.00"
"210","210","71","1","235.00"
"211","211","78","4","248.00"
"212","212","85","2","261.00"
"213","213","92","5","274.00"
"214","214","99","3","287.00"
"215","215","6","1","300.00"
"216","216","13","4","313.00"
"217","217","20","2","326.00"
"218","218","27","5","339.00"
"219","219","34","3","352.00"
"220","220","41","1","365.00"
"221","221","48","4","378.00"
"222","222","55","2","391.00"
"223","223","62","5","404.00"
"224","224","69","3","417.00"
"225","225","76","1","430.00"
"226","226","83","4","443.00"
"227","227","90","2","456.00"
"228","228","97","5","469.00"
"229","229","4","3","482.00"
"230","230","11","1","495.00"
"231","231","18","4","8.00"
"232","232","25","2","21.00"
"233","233","32","5","34.00"
"234","234","39","3","47.00"
"235","235","46","1","60.00"
"236","236","53","4","73.00"
"237","237","60","2","86.00"
"238","238","67","5","99.00"
"239","239","74","3","112.00"
"240","240","81","1","125.00"
"241","241","88","4","138.00"
"242","242","95","2","151.00"
"243","243","2","5","164.00"
"244","244","9","3","177.00"
"245","245","16","1","190.00"
"246","246","23","4","203.00"
"247","247","30","2","216.00"
"248","248","37","5","229.00"
"249","249","44","3","242.00"
"250","250","51","1","255.00"
"251","251","58","4","268.00"
"252","252","65","2","281.00"
"253","253","72","5","294.00"
"254","254","79","3","307.00"
"255","255","86","1","320.00"
"256","256","93","4","333.00"
"257","257","100","2","346.00"
"258","258","7","5","359.00"
"259","259","14","3","372.00"
"260","260","21","1","385.00"
"261","261","28","4","398.00"
"262","262","35","2","411.00"
"263","263","42","5","424.00"
"264","264","49","3","437.00"
"265","265","56","1","450.00"
"266","266","63","4","463.00"
"267","267","70","2","476.00"
"268","268","77","5","489.00"
"269","269","84","3","502.00"
"270","270","91","1","15.00"
"271","271","98","4","28.00"
"272","272","5","2","41.00"
"273","273","12","5","54.00"
"274","274","19","3","67.00"
"275","275","26","1","80.00"
"276","276","33","4","93.00"
"277","277","40","2","106.00"
"278","278","47","5","119.00"
"279","279","54","3","132.00"
"280","280","61","1","145.00"
"281","281","68","4","158.00"
"282","282","75","2","171.00"
"283","283","82","5","184.00"
"284","284","89","3","197.00"
"285","285","96","1","210.00"
"286","286","3","4","223.00"
"287","287","10","2","236.00"
"288","288","17","5","249.00"
"289","289","24","3","262.00"
"290","290","31","1","275.00"
"291","291","38","4","288.00"
"292","292","45","2","301.00"
"293","293","52","5","314.00"
"294","294","59","3","327.00"
"295","295","66","1","340.00"
"296","296","73","4","353.00"
"297","297","80","2","366.00"
"298","298","87","5","379.00"
"299","299","94","3","392.00"
"300","300","1","1","405.00"
"301","301","8","4","418.00"
"302","302","15","2","431.00"
"303","303","22","5","444.00"
"304","304","29","3","457.00"
"305","305","36","1","470.00"
"306","306","43","4","483.00"
"307","307","50","2","496.00"
"308","308","57","5","9.00"
"309","309","64","3","22.00"
"310","310","71","1","35.00"
"311","311","78","4","48.00"
"312","312","85","2","61.00"
"313","313","92","5","74.00"
"314","314","99","3","87.00"
"315","315","6","1","100.00"
"316","316","13","4","113.00"
"317","317","20","2","126.00"
"318","318","27","5","139.00"
"319","319","34","3","152.00"
"320","320","41","1","165.00"
"321","321","48","4","178.00"
"322","322","55","2","191.00"
"323","323","62","5","204.00"
"324","324","69","3","217.00"
"325","325","76","1","230.00"
"326","326","83","4","243.00"
"327","327","90","2","256.00"
"328","328","97","5","269.00"
"329","329","4","3","282.00"
"330","330","11","1","295.00"
"331","331","18","4","308.00"
"332","332","25","2","321.00"
"333","333","32","5","334.00"
"334","334","39","3","347.00"
"335","335","46","1","360.00"
"336","336","53","4","373.00"
"337","337","60","2","386.00"
"338","338","67","5","399.00"
"339","339","74","3","412.00"
"340","340","81","1","425.00"
"341","341","88","4","438.00"
"342","342","95","2","451.00"
"343","343","2","5","464.00"
"344","344","9","3","477.00"
"345","345","16","1","490.00"
"346","346","23","4","503.00"
"347","347","30","2","16.00"
"348","348","37","5","29.00"
"349","349","44","3","42.00"
"350","350","51","1","55.00"
"351","351","58","4","68.00"
"352","352","65","2","81.00"
"353","353","72","5","94.00"
"354","354","79","3","107.00"
"355","355","86","1","120.00"
"356","356","93","4","133.00"
"357","357","100","2","146.00"
"358","358","7","5","159.00"
"359","359","14","3","172.00"
"360","360","21","1","185.00"
"361","361","28","4","198.00"
"362","362","35","2","211.00"
"363","363","42","5","224.00"
"364","364","49","3","237.00"
"365","365","56","1","250.00"
"366","366","63","4","263.00"
"367","367","70","2","276.00"
"368","368","77","5","289.00"
"369","369","84","3","302.00"
"370","370","91","1","315.00"
"371","371","98","4","328.00"
"372","372","5","2","341.00"
"373","373","12","5","354.00"
"374","374","19","3","367.00"
"375","375","26","1","380.00"
"376","376","33","4","393.00"
"377","377","40","2","406.00"
"378","378","47","5","419.00"
"379","379","54","3","432.00"
"380","380","61","1","445.00"
"381","381","68","4","458.00"
"382","382","75","2","471.00"
"383","383","82","5","484.00"
"384","384","89","3","497.00"
"385","385","96","1","10.00"
"386","386","3","4","23.00"
"387","387","10","2","36.00"
"388","388","17","5","49.00"
"389","389","24","3","62.00"
"390","390","31","1","75.00"
"391","391","38","4","88.00"
"392","392","45","2","101.00"
"393","393","52","5","114.00"
"394","394","59","3","127.00"
"395","395","66","1","140.00"
"396","396","73","4","153.00"
"397","397","80","2","166.00"
"398","398","87","5","179.00"
"399","399","94","3","192.00"
"400","400","1","1","205.00"
"401","401","8","4","218.00"
"402","402","15","2","231.00"
"403","403","22","5","244.00"
"404","404","29","3","257.00"
"405","405","36","1","270.00"
"406","406","43","4","283.00"
"407","407","50","2","296.00"
"408","408","57","5","309.00"
"409","409","64","3","322.00"
"410","410","71","1","335.00"
"411","411","78","4","348.00"
"412","412","85","2","361.00"
"413","413","92","5","374.00"
"414","414","99","3","387.00"
"415","415","6","1","400.00"
"416","416","13","4","413.00"
"417","417","20","2","426.00"
"418","418","27","5","439.00"
"419","419","34","3","452.00"
"420","420","41","1","465.00"
"421","421","48","4","478.00"
"422","422","55","2","491.00"
"423","423","62","5","504.00"
"424","424","69","3","17.00"
"425","425","76","1","30.00"
"426","426","83","4","43.00"
"427","427","90","2","56.00"
"428","428","97","5","69.00"
"429","429","4","3","82.00"
"430","430","11","1","95.00"
"431","431","18","4","108.00"
"432","432","25","2","121.00"
"433","433","32","5","134.00"
"434","434","39","3","147.00"
"435","435","46","1","160.00"
"436","436","53","4","173.00"
"437","437","60","2","186.00"
"438","438","67","5","199.00"
"439","439","74","3","212.00"
"440","440","81","1","225.00"
"441","441","88","4","238.00"
"442","442","95","2","251.00"
"443","443","2","5","264.00"
"444","444","9","3","277.00"
"445","445","16","1","290.00"
"446","446","23","4","303.00"
"447","447","30","2","316.00"
"448","448","37","5","329.00"
"449","449","44","3","342.00"
"450","450","51","1","355.00"
"451","451","58","4","368.00"
"452","452","65","2","381.00"
"453","453","72","5","394.00"
"454","454","79","3","407.00"
"455","455","86","1","420.00"
"456","456","93","4","433.00"
"457","457","100","2","446.00"
"458","458","7","5","459.00"
"459","459","14","3","472.00"
"460","460","21","1","485.00"
"461","461","28","4","498.00"
"462","462","35","2","11.00"
"463","463","42","5","24.00"
"464","464","49","3","37.00"
"465","465","56","1","50.00"
"466","466","63","4","63.00"
"467","467","70","2","76.00"
"468","468","77","5","89.00"
"469","469","84","3","102.00"
"470","470","91","1","115.00"
"471","471","98","4","128.00"
"472","472","5","2","141.00"
"473","473","12","5","154.00"
"474","474","19","3","167.00"
"475","475","26","1","180.00"
"476","476","33","4","193.00"
"477","477","40","2","206.00"
"478","478","47","5","219.00"
"479","479","54","3","232.00"
"480","480","61","1","245.00"
"481","481","68","4","258.00"
"482","482","75","2","271.00"
"483","483","82","5","284.00"
"484","484","89","3","297.00"
"485","485","96","1","310.00"
"486","486","3","4","323.00"
"487","487","10","2","336.00"
"488","488","17","5","349.00"
"489","489","24","3","362.00"
"490","490","31","1","375.00"
"491","491","38","4","388.00"
"492","492","45","2","401.00"
"493","493","52","5","414.00"
"494","494","59","3","427.00"
"495","495","66","1","440.00"
"496","496","73","4","453.00"
"497","497","80","2","466.00"
"498","498","87","5","479.00"
"499","499","94","3","492.00"
"500","500","1","1","5.00"
"501","501","8","4","18.00"
"502","502","15","2","31.00"
"503","503","22","5","44.00"
"504","504","29","3","57.00"
"505","505","36","1","70.00"
"506","506","43","4","83.00"
"507","507","50","2","96.00"
"508","508","57","5","109.00"
"509","509","64","3","122.00"
"510","510","71","1","135.00"
"511","511","78","4","148.00"
"512","512","85","2","161.00"
"513","513","92","5","174.00"
"514","514","99","3","187.00"
"515","515","6","1","200.00"
"516","516","13","4","213.00"
"517","517","20","2","226.00"
"518","518","27","5","239.00"
"519","519","34","3","252.00"
"520","520","41","1","265.00"
"521","521","48","4","278.00"
"522","522","55","2","291.00"
"523","523","62","5","304.00"
"524","524","69","3","317.00"
"525","525","76","1","330.00"
"526","526","83","4","343.00"
"527","527","90","2","356.00"
"528","528","97","5","369.00"
"529","529","4","3","382.00"
"530","530","11","1","395.00"
"531","531","18","4","408.00"
"532","532","25","2","421.00"
"533","533","32","5","434.00"
"534","534","39","3","447.00"
"535","535","46","1","460.00"
"536","536","53","4","473.00"
"537","537","60","2","486.00"
"538","538","67","5","499.00"
"539","539","74","3","12.00"
"540","540","81","1","25.00"
"541","541","88","4","38.00"
"542","542","95","2","51.00"
"543","543","2","5","64.00"
"544","544","9","3","77.00"
"545","545","16","1","90.00"
"546","546","23","4","103.00"
"547","547","30","2","116.00"
"548","548","37","5","129.00"
"549","549","44","3","142.00"
"550","550","51","1","155.00"
"551","551","58","4","168.00"
"552","552","65","2","181.00"
"553","553","72","5","194.00"
"554","554","79","3","207.00"
"555","555","86","1","220.00"
"556","556","93","4","233.00"
"557","557","100","2","246.00"
"558","558","7","5","259.00"
"559","559","14","3","272.00"
"560","560","21","1","285.00"
"561","561","28","4","298.00"
"562","562","35","2","311.00"
"563","563","42","5","324.00"
"564","564","49","3","337.00"
"565","565","56","1","350.00"
"566","566","63","4","363.00"
"567","567","70","2","376.00"
"568","568","77","5","389.00"
"569","569","84","3","402.00"
"570","570","91","1","415.00"
"571","571","98","4","428.00"
"572","572","5","2","441.00"
"573","573","12","5","454.00"
"574","574","19","3","467.00"
"575","575","26","1","480.00"
"576","576","33","4","493.00"
"577","577","40","2","6.00"
"578","578","47","5","19.00"
"579","579","54","3","32.00"
"580","580","61","1","45.00"
"581","581","68","4","58.00"
"582","582","75","2","71.00"
"583","583","82","5","84.00"
"584","584","89","3","97.00"
"585","585","96","1","110.00"
"586","586","3","4","123.00"
"587","587","10","2","136.00"
"588","588","17","5","149.00"
"589","589","24","3","162.00"
"590","590","31","1","175.00"
"591","591","38","4","188.00"
"592","592","45","2","201.00"
"593","593","52","5","214.00"
"594","594","59","3","227.00"
"595","595","66","1","240.00"
"596","596","73","4","253.00"
"597","597","80","2","266.00"
"598","598","87","5","279.00"
"599","599","94","3","292.00"
"600","600","1","1","305.00"
"601","601","8","4","318.00"
"602","602","15","2","331.00"
"603","603","22","5","344.00"
"604","604","29","3","357.00"
"605","605","36","1","370.00"
"606","606","43","4","383.00"
"607","607","50","2","396.00"
"608","608","57","5","409.00"
"609","609","64","3","422.00"
"610","610","71","1","435.00"
"611","611","78","4","448.00"
"612","612","85","2","461.00"
"613","613","92","5","474.00"
"614","614","99","3","487.00"
"615","615","6","1","500.00"
"616","616","13","4","13.00"
"617","617","20","2","26.00"
"618","618","27","5","39.00"
"619","619","34","3","52.00"
"620","620","41","1","65.00"
"621","621","48","4","78.00"
"622","622","55","2","91.00"
"623","623","62","5","104.00"
"624","624","69","3","117.00"
"625","625","76","1","130.00"
"626","626","83","4","143.00"
"627","627","90","2","156.00"
"628","628","97","5","169.00"
"629","629","4","3","182.00"
"630","630","11","1","195.00"
"631","631","18","4","208.00"
"632","632","25","2","221.00"
"633","633","32","5","234.00"
"634","634","39","3","247.00"
"635","635","46","1","260.00"
"636","636","53","4","273.00"
"637","637","60","2","286.00"
"638","638","67","5","299.00"
"639","639","74","3","312.00"
"640","640","81","1","325.00"
"641","641","88","4","338.00"
"642","642","95","2","351.00"
"643","643","2","5","364.00"
"644","644","9","3","377.00"
"645","645","16","1","390.00"
"646","646","23","4","403.00"
"647","647","30","2","416.00"
"648","648","37","5","429.00"
"649","649","44","3","442.00"
"650","650","51","1","455.00"
"651","651","58","4","468.00"
"652","652","65","2","481.00"
"653","653","72","5","494.00"
"654","654","79","3","7.00"
"655","655","86","1","20.00"
"656","656","93","4","33.00"
"657","657","100","2","46.00"
"658","658","7","5","59.00"
"659","659","14","3","72.00"
"660","660","21","1","85.00"
"661","661","28","4","98.00"
"662","662","35","2","111.00"
"663","663","42","5","124.00"
"664","664","49","3","137.00"
"665","665","56","1","150.00"
"666","666","63","4","163.00"
"667","667","70","2","176.00"
"668","668","77","5","189.00"
"669","669","84","3","202.00"
"670","670","91","1","215.00"
"671","671","98","4","228.00"
"672","672","5","2","241.00"
"673","673","12","5","254.00"
"674","674","19","3","267.00"
"675","675","26","1","280.00"
"676","676","33","4","293.00"
"677","677","40","2","306.00"
"678","678","47","5","319.00"
"679","679","54","3","332.00"
"680","680","61","1","345.00"
"681","681","68","4","358.00"
"682","682","75","2","371.00"
"683","683","82","5","384.00"
"684","684","89","3","397.00"
"685","685","96","1","410.00"
"686","686","3","4","423.00"
"687","687","10","2","436.00"
"688","688","17","5","449.00"
"689","689","24","3","462.00"
"690","690","31","1","475.00"
"691","691","38","4","488.00"
"692","692","45","2","501.00"
"693","693","52","5","14.00"
"694","694","59","3","27.00"
"695","695","66","1","40.00"
"696","696","73","4","53.00"
"697","697","80","2","66.00"
"698","698","87","5","79.00"
"699","699","94","3","92.00"
"700","700","1","1","105.00"
"701","701","8","4","118.00"
"702","702","15","2","131.00"
"703","703","22","5","144.00"
"704","704","29","3","157.00"
"705","705","36","1","170.00"
"706","706","43","4","183.00"
"707","707","50","2","196.00"
"708","708","57","5","209.00"
"709","709","64","3","222.00"
"710","710","71","1","235.00"
"711","711","78","4","248.00"
"712","712","85","2","261.00"
"713","713","92","5","274.00"
"714","714","99","3","287.00"
"715","715","6","1","300.00"
"716","716","13","4","313.00"
"717","717","20","2","326.00"
"718","718","27","5","339.00"
"719","719","34","3","352.00"
"720","720","41","1","365.00"
"721","721","48","4","378.00"
"722","722","55","2","391.00"
"723","723","62","5","404.00"
"724","724","69","3","417.00"
"725","725","76","1","430.00"
"726","726","83","4","443.00"
"727","727","90","2","456.00"
"728","728","97","5","469.00"
"729","729","4","3","482.00"
"730","730","11","1","495.00"
"731","731","18","4","8.00"
"732","732","25","2","21.00"
"733","733","32","5","34.00"
"734","734","39","3","47.00"
"735","735","46","1","60.00"
"736","736","53","4","73.00"
"737","737","60","2","86.00"
"738","738","67","5","99.00"
"739","739","74","3","112.00"
"740","740","81","1","125.00"
"741","741","88","4","138.00"
"742","742","95","2","151.00"
"743","743","2","5","164.00"
"744","744","9","3","177.00"
"745","745","16","1","190.00"
"746","746","23","4","203.00"
"747","747","30","2","216.00"
"748","748","37","5","229.00"
"749","749","44","3","242.00"
"750","750","51","1","255.00"
"751","751","58","4","268.00"
"752","752","65","2","281.00"
"753","753","72","5","294.00"
"754","754","79","3","307.00"
"755","755","86","1","320.00"
"756","756","93","4","333.00"
"757","757","100","2","346.00"
"758","758","7","5","359.00"
"759","759","14","3","372.00"
"760","760","21","1","385.00"
"761","761","28","4","398.00"
"762","762","35","2","411.00"
"763","763","42","5","424.00"
"764","764","49","3","437.00"
"765","765","56","1","450.00"
"766","766","63","4","463.00"
"767","767","70","2","476.00"
"768","768","77","5","489.00"
"769","769","84","3","502.00"
"770","770","91","1","15.00"
"771","771","98","4","28.00"
"772","772","5","2","41.00"
"773","773","12","5","54.00"
"774","774","19","3","67.00"
"775","775","26","1","80.00"
"776","776","33","4","93.00"
"777","777","40","2","106.00"
"778","778","47","5","119.00"
"779","779","54","3","132.00"
"780","780","61","1","145.00"
"781","781","68","4","158.00"
"782","782","75","2","171.00"
"783","783","82","5","184.00"
"784","784","89","3","197.00"
"785","785","96","1","210.00"
"786","786","3","4","223.00"
"787","787","10","2","236.00"
"788","788","17","5","249.00"
"789","789","24","3","262.00"
"790","790","31","1","275.00"
"791","791","38","4","288.00"
"792","792","45","2","301.00"
"793","793","52","5","314.00"
"794","794","59","3","327.00"
"795","795","66","1","340.00"
"796","796","73","4","353.00"
"797","797","80","2","366.00"
"798","798","87","5","379.00"
"799","799","94","3","392.00"
"800","800","1","1","405.00"
"801","801","8","4","418.00"
"802","802","15","2","431.00"
"803","803","22","5","444.00"
"804","804","29","3","457.00"
"805","805","36","1","470.00"
"806","806","43","4","483.00"
"807","807","50","2","496.00"
"808","808","57","5","9.00"
"809","809","64","3","22.00"
"810","810","71","1","35.00"
"811","811","78","4","48.00"
"812","812","85","2","61.00"
"813","813","92","5","74.00"
"814","814","99","3","87.00"
"815","815","6","1","100.00"
"816","816","13","4","113.00"
"817","817","20","2","126.00"
"818","818","27","5","139.00"
"819","819","34","3","152.00"
"820","820","41","1","165.00"
"821","821","48","4","178.00"
"822","822","55","2","191.00"
"823","823","62","5","204.00"
"824","824","69","3","217.00"
"825","825","76","1","230.00"
"826","826","83","4","243.00"
"827","827","90","2","256.00"
"828","828","97","5","269.00"
"829","829","4","3","282.00"
"830","830","11","1","295.00"
"831","831","18","4","308.00"
"832","832","25","2","321.00"
"833","833","32","5","334.00"
"834","834","39","3","347.00"
"835","835","46","1","360.00"
"836","836","53","4","373.00"
"837","837","60","2","386.00"
"838","838","67","5","399.00"
"839","839","74","3","412.00"
"840","840","81","1","425.00"
"841","841","88","4","438.00"
"842","842","95","2","451.00"
"843","843","2","5","464.00"
"844","844","9","3","477.00"
"845","845","16","1","490.00"
"846","846","23","4","503.00"
"847","847","30","2","16.00"
"848","848","37","5","29.00"
"849","849","44","3","42.00"
"850","850","51","1","55.00"
"851","851","58","4","68.00"
"852","852","65","2","81.00"
"853","853","72","5","94.00"
"854","854","79","3","107.00"
"855","855","86","1","120.00"
"856","856","93","4","133.00"
"857","857","100","2","146.00"
"858","858","7","5","159.00"
"859","859","14","3","172.00"
"860","860","21","1","185.00"
"861","861","28","4","198.00"
"862","862","35","2","211.00"
"863","863","42","5","224.00"
"864","864","49","3","237.00"
"865","865","56","1","250.00"
"866","866","63","4","263.00"
"867","867","70","2","276.00"
"868","868","77","5","289.00"
"869","869","84","3","302.00"
"870","870","91","1","315.00"
"871","871","98","4","328.00"
"872","872","5","2","341.00"
"873","873","12","5","354.00"
"874","874","19","3","367.00"
"875","875","26","1","380.00"
"876","876","33","4","393.00"
"877","877","40","2","406.00"
"878","878","47","5","419.00"
"879","879","54","3","432.00"
"880","880","61","1","445.00"
"881","881","68","4","458.00"
"882","882","75","2","471.00"
"883","883","82","5","484.00"
"884","884","89","3","497.00"
"885","885","96","1","10.00"
"886","886","3","4","23.00"
"887","887","10","2","36.00"
"888","888","17","5","49.00"
"889","889","24","3","62.00"
"890","890","31","1","75.00"
"891","891","38","4","88.00"
"892","892","45","2","101.00"
"893","893","52","5","114.00"
"894","894","59","3","127.00"
"895","895","66","1","140.00"
"896","896","73","4","153.00"
"897","897","80","2","166.00"
"898","898","87","5","179.00"
"899","899","94","3","192.00"
"900","900","1","1","205.00"
"901","901","8","4","218.00"
"902","902","15","2","231.00"
"903","903","22","5","244.00"
"904","904","29","3","257.00"
"905","905","36","1","270.00"
"906","906","43","4","283.00"
"907","907","50","2","296.00"
"908","908","57","5","309.00"
"909","909","64","3","322.00"
"910","910","71","1","335.00"
"911","911","78","4","348.00"
"912","912","85","2","361.00"
"913","913","92","5","374.00"
"914","914","99","3","387.00"
"915","915","6","1","400.00"
"916","916","13","4","413.00"
"917","917","20","2","426.00"
"918","918","27","5","439.00"
"919","919","34","3","452.00"
"920","920","41","1","465.00"
"921","921","48","4","478.00"
"922","922","55","2","491.00"
"923","923","62","5","504.00"
"924","924","69","3","17.00"
"925","925","76","1","30.00"
"926","926","83","4","43.00"
"927","927","90","2","56.00"
"928","928","97","5","69.00"
"929","929","4","3","82.00"
"930","930","11","1","95.00"
"931","931","18","4","108.00"
"932","932","25","2","121.00"
"933","933","32","5","134.00"
"934","934","39","3","147.00"
"935","935","46","1","160.00"
"936","936","53","4","173.00"
"937","937","60","2","186.00"
"938","938","67","5","199.00"
"939","939","74","3","212.00"
"940","940","81","1","225.00"
"941","941","88","4","238.00"
"942","942","95","2","251.00"
"943","943","2","5","264.00"
"944","944","9","3","277.00"
"945","945","16","1","290.00"
"946","946","23","4","303.00"
"947","947","30","2","316.00"
"948","948","37","5","329.00"
"949","949","44","3","342.00"
"950","950","51","1","355.00"
"951","951","58","4","368.00"
"952","952","65","2","381.00"
"953","953","72","5","394.00"
"954","954","79","3","407.00"
"955","955","86","1","420.00"
"956","956","93","4","433.00"
"957","957","100","2","446.00"
"958","958","7","5","459.00"
"959","959","14","3","472.00"
"960","960","21","1","485.00"
"961","961","28","4","498.00"
"962","962","35","2","11.00"
"963","963","42","5","24.00"
"964","964","49","3","37.00"
"965","965","56","1","50.00"
"966","966","63","4","63.00"
"967","967","70","2","76.00"
"968","968","77","5","89.00"
"969","969","84","3","102.00"
"970","970","91","1","115.00"
"971","971","98","4","128.00"
"972","972","5","2","141.00"
"973","973","12","5","154.00"
"974","974","19","3","167.00"
"975","975","26","1","180.00"
"976","976","33","4","193.00"
"977","977","40","2","206.00"
"978","978","47","5","219.00"
"979","979","54","3","232.00"
"980","980","61","1","245.00"
"981","981","68","4","258.00"
"982","982","75","2","271.00"
"983","983","82","5","284.00"
"984","984","89","3","297.00"
"985","985","96","1","310.00"
"986","986","3","4","323.00"
"987","987","10","2","336.00"
"988","988","17","5","349.00"
"989","989","24","3","362.00"
"990","990","31","1","375.00"
"991","991","38","4","388.00"
"992","992","45","2","401.00"
"993","993","52","5","414.00"
"994","994","59","3","427.00"
"995","995","66","1","440.00"
"996","996","73","4","453.00"
"997","997","80","2","466.00"
"998","998","87","5","479.00"
"999","999","94","3","492.00"
"1000","1000","1","1","5.00"
"1001","1001","8","4","18.00"
"1002","1002","15","2","31.00"
"1003","1003","22","5","44.00"
"1004","1004","29","3","57.00"
"1005","1005","36","1","70.00"
"1006","1006","43","4","83.00"
"1007","1007","50","2","96.00"
"1008","1008","57","5","109.00"
"1009","1009","64","3","122.00"
"1010","1010","71","1","135.00"
"1011","1011","78","4","148.00"
"1012","1012","85","2","161.00"
"1013","1013","92","5","174.00"
"1014","1014","99","3","187.00"
"1015","1015","6","1","200.00"
"1016","1016","13","4","213.00"
"1017","1017","20","2","226.00"
"1018","1018","27","5","239.00"
"1019","1019","34","3","252.00"
"1020","1020","41","1","265.00"
"1021","1021","48","4","278.00"
"1022","1022","55","2","291.00"
"1023","1023","62","5","304.00"
"1024","1024","69","3","317.00"
"1025","1025","76","1","330.00"
"1026","1026","83","4","343.00"
"1027","1027","90","2","356.00"
"1028","1028","97","5","369.00"
"1029","1029","4","3","382.00"
"1030","1030","11","1","395.00"
"1031","1031","18","4","408.00"
"1032","1032","25","2","421.00"
"1033","1033","32","5","434.00"
"1034","1034","39","3","447.00"
"1035","1035","46","1","460.00"
"1036","1036","53","4","473.00"
"1037","1037","60","2","486.00"
"1038","1038","67","5","499.00"
"1039","1039","74","3","12.00"
"1040","1040","81","1","25.00"
"1041","1041","88","4","38.00"
"1042","1042","95","2","51.00"
"1043","1043","2","5","64.00"
"1044","1044","9","3","77.00"
"1045","1045","16","1","90.00"
"1046","1046","23","4","103.00"
"1047","1047","30","2","116.00"
"1048","1048","37","5","129.00"
"1049","1049","44","3","142.00"
"1050","1050","51","1","155.00"
"1051","1051","58","4","168.00"
"1052","1052","65","2","181.00"
"1053","1053","72","5","194.00"
"1054","1054","79","3","207.00"
"1055","1055","86","1","220.00"
"1056","1056","93","4","233.00"
"1057","1057","100","2","246.00"
"1058","1058","7","5","259.00"
"1059","1059","14","3","272.00"
"1060","1060","21","1","285.00"
"1061","1061","28","4","298.00"
"1062","1062","35","2","311.00"
"1063","1063","42","5","324.00"
"1064","1064","49","3","337.00"
"1065","1065","56","1","350.00"
"1066","1066","63","4","363.00"
"1067","1067","70","2","376.00"
"1068","1068","77","5","389.00"
"1069","1069","84","3","402.00"
"1070","1070","91","1","415.00"
"1071","1071","98","4","428.00"
"1072","1072","5","2","441.00"
"1073","1073","12","5","454.00"
"1074","1074","19","3","467.00"
"1075","1075","26","1","480.00"
"1076","1076","33","4","493.00"
"1077","1077","40","2","6.00"
"1078","1078","47","5","19.00"
"1079","1079","54","3","32.00"
"1080","1080","61","1","45.00"
"1081","1081","68","4","58.00"
"1082","1082","75","2","71.00"
"1083","1083","82","5","84.00"
"1084","1084","89","3","97.00"
"1085","1085","96","1","110.00"
"1086","1086","3","4","123.00"
"1087","1087","10","2","136.00"
"1088","1088","17","5","149.00"
"1089","1089","24","3","162.00"
"1090","1090","31","1","175.00"
"1091","1091","38","4","188.00"
"1092","1092","45","2","201.00"
"1093","1093","52","5","214.00"
"1094","1094","59","3","227.00"
"1095","1095","66","1","240.00"
"1096","1096","73","4","253.00"
"1097","1097","80","2","266.00"
"1098","1098","87","5","279.00"
"1099","1099","94","3","292.00"
"1100","1100","1","1","305.00"
"1101","1101","8","4","318.00"
"1102","1102","15","2","331.00"
"1103","1103","22","5","344.00"
"1104","1104","29","3","357.00"
"1105","1105","36","1","370.00"
"1106","1106","43","4","383.00"
"1107","1107","50","2","396.00"
"1108","1108","57","5","409.00"
"1109","1109","64","3","422.00"
"1110","1110","71","1","435.00"
"1111","1111","78","4","448.00"
"1112","1112","85","2","461.00"
"1113","1113","92","5","474.00"
"1114","1114","99","3","487.00"
"1115","1115","6","1","500.00"
"1116","1116","13","4","13.00"
"1117","1117","20","2","26.00"
"1118","1118","27","5","39.00"
"1119","1119","34","3","52.00"
"1120","1120","41","1","65.00"
"1121","1121","48","4","78.00"
"1122","1122","55","2","91.00"
"1123","1123","62","5","104.00"
"1124","1124","69","3","117.00"
"1125","1125","76","1","130.00"
"1126","1126","83","4","143.00"
"1127","1127","90","2","156.00"
"1128","1128","97","5","169.00"
"1129","1129","4","3","182.00"
"1130","1130","11","1","195.00"
"1131","1131","18","4","208.00"
"1132","1132","25","2","221.00"
"1133","1133","32","5","234.00"
"1134","1134","39","3","247.00"
"1135","1135","46","1","260.00"
"1136","1136","53","4","273.00"
"1137","1137","60","2","286.00"
"1138","1138","67","5","299.00"
"1139","1139","74","3","312.00"
"1140","1140","81","1","325.00"
"1141","1141","88","4","338.00"
"1142","1142","95","2","351.00"
"1143","1143","2","5","364.00"
"1144","1144","9","3","377.00"
"1145","1145","16","1","390.00"
"1146","1146","23","4","403.00"
"1147","1147","30","2","416.00"
"1148","1148","37","5","429.00"
"1149","1149","44","3","442.00"
"1150","1150","51","1","455.00"
"1151","1151","58","4","468.00"
"1152","1152","65","2","481.00"
"1153","1153","72","5","494.00"
"1154","1154","79","3","7.00"
"1155","1155","86","1","20.00"
"1156","1156","93","4","33.00"
"1157","1157","100","2","46.00"
"1158","1158","7","5","59.00"
"1159","1159","14","3","72.00"
"1160","1160","21","1","85.00"
"1161","1161","28","4","98.00"
"1162","1162","35","2","111.00"
"1163","1163","42","5","124.00"
"1164","1164","49","3","137.00"
"1165","1165","56","1","150.00"
"1166","1166","63","4","163.00"
"1167","1167","70","2","176.00"
"1168","1168","77","5","189.00"
"1169","1169","84","3","202.00"
"1170","1170","91","1","215.00"
"1171","1171","98","4","228.00"
"1172","1172","5","2","241.00"
"1173","1173","12","5","254.00"
"1174","1174","19","3","267.00"
"1175","1175","26","1","280.00"
"1176","1176","33","4","293.00"
"1177","1177","40","2","306.00"
"1178","1178","47","5","319.00"
"1179","1179","54","3","332.00"
"1180","1180","61","1","345.00"
"1181","1181","68","4","358.00"
"1182","1182","75","2","371.00"
"1183","1183","82","5","384.00"
"1184","1184","89","3","397.00"
"1185","1185","96","1","410.00"
"1186","1186","3","4","423.00"
"1187","1187","10","2","436.00"
"1188","1188","17","5","449.00"
"1189","1189","24","3","462.00"
"1190","1190","31","1","475.00"
"1191","1191","38","4","488.00"
"1192","1192","45","2","501.00"
"1193","1193","52","5","14.00"
"1194","1194","59","3","27.00"
"1195","1195","66","1","40.00"
"1196","1196","73","4","53.00"
"1197","1197","80","2","66.00"
"1198","1198","87","5","79.00"
"1199","1199","94","3","92.00"
"1200","1200","1","1","105.00"
"1201","1201","8","4","118.00"
"1202","1202","15","2","131.00"
"1203","1203","22","5","144.00"
"1204","1204","29","3","157.00"
"1205","1205","36","1","170.00"
"1206","1206","43","4","183.00"
"1207","1207","50","2","196.00"
"1208","1208","57","5","209.00"
"1209","1209","64","3","222.00"
"1210","1210","71","1","235.00"
"1211","1211","78","4","248.00"
"1212","1212","85","2","261.00"
"1213","1213","92","5","274.00"
"1214","1214","99","3","287.00"
"1215","1215","6","1","300.00"
"1216","1216","13","4","313.00"
"1217","1217","20","2","326.00"
"1218","1218","27","5","339.00"
"1219","1219","34","3","352.00"
"1220","1220","41","1","365.00"
"1221","1221","48","4","378.00"
"1222","1222","55","2","391.00"
"1223","1223","62","5","404.00"
"1224","1224","69","3","417.00"
"1225","1225","76","1","430.00"
"1226","1226","83","4","443.00"
"1227","1227","90","2","456.00"
"1228","1228","97","5","469.00"
"1229","1229","4","3","482.00"
"1230","1230","11","1","495.00"
"1231","1231","18","4","8.00"
"1232","1232","25","2","21.00"
"1233","1233","32","5","34.00"
"1234","1234","39","3","47.00"
"1235","1235","46","1","60.00"
"1236","1236","53","4","73.00"
"1237","1237","60","2","86.00"
"1238","1238","67","5","99.00"
"1239","1239","74","3","112.00"
"1240","1240","81","1","125.00"
"1241","1241","88","4","138.00"
"1242","1242","95","2","151.00"
"1243","1243","2","5","164.00"
"1244","1244","9","3","177.00"
"1245","1245","16","1","190.00"
"1246","1246","23","4","203.00"
"1247","1247","30","2","216.00"
"1248","1248","37","5","229.00"
"1249","1249","44","3","242.00"
"1250","1250","51","1","255.00"
"1251","1251","58","4","268.00"
"1252","1252","65","2","281.00"
"1253","1253","72","5","294.00"
"1254","1254","79","3","307.00"
"1255","1255","86","1","320.00"
"1256","1256","93","4","333.00"
"1257","1257","100","2","346.00"
"1258","1258","7","5","359.00"
"1259","1259","14","3","372.00"
"1260","1260","21","1","385.00"
"1261","1261","28","4","398.00"
"1262","1262","35","2","411.00"
"1263","1263","42","5","424.00"
"1264","1264","49","3","437.00"
"1265","1265","56","1","450.00"
"1266","1266","63","4","463.00"
"1267","1267","70","2","476.00"
"1268","1268","77","5","489.00"
"1269","1269","84","3","502.00"
"1270","1270","91","1","15.00"
"1271","1271","98","4","28.00"
"1272","1272","5","2","41.00"
"1273","1273","12","5","54.00"
"1274","1274","19","3","67.00"
"1275","1275","26","1","80.00"
"1276","1276","33","4","93.00"
"1277","1277","40","2","106.00"
"1278","1278","47","5","119.00"
"1279","1279","54","3","132.00"
"1280","1280","61","1","145.00"
"1281","1281","68","4","158.00"
"1282","1282","75","2","171.00"
"1283","1283","82","5","184.00"
"1284","1284","89","3","197.00"
"1285","1285","96","1","210.00"
"1286","1286","3","4","223.00"
"1287","1287","10","2","236.00"
"1288","1288","17","5","249.00"
"1289","1289","24","3","262.00"
"1290","1290","31","1","275.00"
"1291","1291","38","4","288.00"
"1292","1292","45","2","301.00"
"1293","1293","52","5","314.00"
"1294","1294","59","3","327.00"
"1295","1295","66","1","340.00"
"1296","1296","73","4","353.00"
"1297","1297","80","2","366.00"
"1298","1298","87","5","379.00"
"1299","1299","94","3","392.00"
"1300","1300","1","1","405.00"
"1301","1301","8","4","418.00"
"1302","1302","15","2","431.00"
"1303","1303","22","5","444.00"
"1304","1304","29","3","457.00"
"1305","1305","36","1","470.00"
"1306","1306","43","4","483.00"
"1307","1307","50","2","496.00"
"1308","1308","57","5","9.00"
"1309","1309","64","3","22.00"
"1310","1310","71","1","35.00"
"1311","1311","78","4","48.00"
"1312","1312","85","2","61.00"
"1313","1313","92","5","74.00"
"1314","1314","99","3","87.00"
"1315","1315","6","1","100.00"
"1316","1316","13","4","113.00"
"1317","1317","20","2","126.00"
"1318","1318","27","5","139.00"
"1319","1319","34","3","152.00"
"1320","1320","41","1","165.00"
"1321","1321","48","4","178.00"
"1322","1322","55","2","191.00"
"1323","1323","62","5","204.00"
"1324","1324","69","3","217.00"
"1325","1325","76","1","230.00"
"1326","1326","83","4","243.00"
"1327","1327","90","2","256.00"
"1328","1328","97","5","269.00"
"1329","1329","4","3","282.00"
"1330","1330","11","1","295.00"
"1331","1331","18","4","308.00"
"1332","1332","25","2","321.00"
"1333","1333","32","5","334.00"
"1334","1334","39","3","347.00"
"1335","1335","46","1","360.00"
"1336","1336","53","4","373.00"
"1337","1337","60","2","386.00"
"1338","1338","67","5","399.00"
"1339","1339","74","3","412.00"
"1340","1340","81","1","425.00"
"1341","1341","88","4","438.00"
"1342","1342","95","2","451.00"
"1343","1343","2","5","464.00"
"1344","1344","9","3","477.00"
"1345","1345","16","1","490.00"
"1346","1346","23","4","503.00"
"1347","1347","30","2","16.00"
"1348","1348","37","5","29.00"
"1349","1349","44","3","42.00"
"1350","1350","51","1","55.00"
"1351","1351","58","4","68.00"
"1352","1352","65","2","81.00"
"1353","1353","72","5","94.00"
"1354","1354","79","3","107.00"
"1355","1355","86","1","120.00"
"1356","1356","93","4","133.00"
"1357","1357","100","2","146.00"
"1358","1358","7","5","159.00"
"1359","1359","14","3","172.00"
"1360","1360","21","1","185.00"
"1361","1361","28","4","198.00"
"1362","1362","35","2","211.00"
"1363","1363","42","5","224.00"
"1364","1364","49","3","237.00"
"1365","1365","56","1","250.00"
"1366","1366","63","4","263.00"
"1367","1367","70","2","276.00"
"1368","1368","77","5","289.00"
"1369","1369","84","3","302.00"
"1370","1370","91","1","315.00"
"1371","1371","98","4","328.00"
"1372","1372","5","2","341.00"
"1373","1373","12","5","354.00"
"1374","1374","19","3","367.00"
"1375","1375","26","1","380.00"
"1376","1376","33","4","393.00"
"1377","1377","40","2","406.00"
"1378","1378","47","5","419.00"
"1379","1379","54","3","432.00"
"1380","1380","61","1","445.00"
"1381","1381","68","4","458.00"
"1382","1382","75","2","471.00"
"1383","1383","82","5","484.00"
"1384","1384","89","3","497.00"
"1385","1385","96","1","10.00"
"1386","1386","3","4","23.00"
"1387","1387","10","2","36.00"
"1388","1388","17","5","49.00"
"1389","1389","24","3","62.00"
"1390","1390","31","1","75.00"
"1391","1391","38","4","88.00"
"1392","1392","45","2","101.00"
"1393","1393","52","5","114.00"
"1394","1394","59","3","127.00"
"1395","1395","66","1","140.00"
"1396","1396","73","4","153.00"
"1397","1397","80","2","166.00"
"1398","1398","87","5","179.00"
"1399","1399","94","3","192.00"
"1400","1400","1","1","205.00"
"1401","1401","8","4","218.00"
"1402","1402","15","2","231.00"
"1403","1403","22","5","244.00"
"1404","1404","29","3","257.00"
"1405","1405","36","1","270.00"
"1406","1406","43","4","283.00"
"1407","1407","50","2","296.00"
"1408","1408","57","5","309.00"
"1409","1409","64","3","322.00"
"1410","1410","71","1","335.00"
"1411","1411","78","4","348.00"
"1412","1412","85","2","361.00"
"1413","1413","92","5","374.00"
"1414","1414","99","3","387.00"
"1415","1415","6","1","400.00"
"1416","1416","13","4","413.00"
"1417","1417","20","2","426.00"
"1418","1418","27","5","439.00"
"1419","1419","34","3","452.00"
"1420","1420","41","1","465.00"
"1421","1421","48","4","478.00"
"1422","1422","55","2","491.00"
"1423","1423","62","5","504.00"
"1424","1424","69","3","17.00"
"1425","1425","76","1","30.00"
"1426","1426","83","4","43.00"
"1427","1427","90","2","56.00"
"1428","1428","97","5","69.00"
"1429","1429","4","3","82.00"
"1430","1430","11","1","95.00"
"1431","1431","18","4","108.00"
"1432","1432","25","2","121.00"
"1433","1433","32","5","134.00"
"1434","1434","39","3","147.00"
"1435","1435","46","1","160.00"
"1436","1436","53","4","173.00"
"1437","1437","60","2","186.00"
"1438","1438","67","5","199.00"
"1439","1439","74","3","212.00"
"1440","1440","81","1","225.00"
"1441","1441","88","4","238.00"
"1442","1442","95","2","251.00"
"1443","1443","2","5","264.00"
"1444","1444","9","3","277.00"
"1445","1445","16","1","290.00"
"1446","1446","23","4","303.00"
"1447","1447","30","2","316.00"
"1448","1448","37","5","329.00"
"1449","1449","44","3","342.00"
"1450","1450","51","1","355.00"
"1451","1451","58","4","368.00"
"1452","1452","65","2","381.00"
"1453","1453","72","5","394.00"
"1454","1454","79","3","407.00"
"1455","1455","86","1","420.00"
"1456","1456","93","4","433.00"
"1457","1457","100","2","446.00"
"1458","1458","7","5","459.00"
"1459","1459","14","3","472.00"
"1460","1460","21","1","485.00"
"1461","1461","28","4","498.00"
"1462","1462","35","2","11.00"
"1463","1463","42","5","24.00"
"1464","1464","49","3","37.00"
"1465","1465","56","1","50.00"
"1466","1466","63","4","63.00"
"1467","1467","70","2","76.00"
"1468","1468","77","5","89.00"
"1469","1469","84","3","102.00"
"1470","1470","91","1","115.00"
"1471","1471","98","4","128.00"
"1472","1472","5","2","141.00"
"1473","1473","12","5","154.00"
"1474","1474","19","3","167.00"
"1475","1475","26","1","180.00"
"1476","1476","33","4","193.00"
"1477","1477","40","2","206.00"
"1478","1478","47","5","219.00"
"1479","1479","54","3","232.00"
"1480","1480","61","1","245.00"
"1481","1481","68","4","258.00"
"1482","1482","75","2","271.00"
"1483","1483","82","5","284.00"
"1484","1484","89","3","297.00"
"1485","1485","96","1","310.00"
"1486","1486","3","4","323.00"
"1487","1487","10","2","336.00"
"1488","1488","17","5","349.00"
"1489","1489","24","3","362.00"
"1490","1490","31","1","375.00"
"1491","1491","38","4","388.00"
"1492","1492","45","2","401.00"
"1493","1493","52","5","414.00"
"1494","1494","59","3","427.00"
"1495","1495","66","1","440.00"
"1496","1496","73","4","453.00"
"1497","1497","80","2","466.00"
"1498","1498","87","5","479.00"
"1499","1499","94","3","492.00"
"1500","1500","1","1","5.00"
"1501","1501","8","4","18.00"
"1502","1502","15","2","31.00"
"1503","1503","22","5","44.00"
"1504","1504","29","3","57.00"
"1505","1505","36","1","70.00"
"1506","1506","43","4","83.00"
"1507","1507","50","2","96.00"
"1508","1508","57","5","109.00"
"1509","1509","64","3","122.00"
"1510","1510","71","1","135.00"
"1511","1511","78","4","148.00"
"1512","1512","85","2","161.00"
"1513","1513","92","5","174.00"
"1514","1514","99","3","187.00"
"1515","1515","6","1","200.00"
"1516","1516","13","4","213.00"
"1517","1517","20","2","226.00"
"1518","1518","27","5","239.00"
"1519","1519","34","3","252.00"
"1520","1520","41","1","265.00"
"1521","1521","48","4","278.00"
"1522","1522","55","2","291.00"
"1523","1523","62","5","304.00"
"1524","1524","69","3","317.00"
"1525","1525","76","1","330.00"
"1526","1526","83","4","343.00"
"1527","1527","90","2","356.00"
"1528","1528","97","5","369.00"
"1529","1529","4","3","382.00"
"1530","1530","11","1","395.00"
"1531","1531","18","4","408.00"
"1532","1532","25","2","421.00"
"1533","1533","32","5","434.00"
"1534","1534","39","3","447.00"
"1535","1535","46","1","460.00"
"1536","1536","53","4","473.00"
"1537","1537","60","2","486.00"
"1538","1538","67","5","499.00"
"1539","1539","74","3","12.00"
"1540","1540","81","1","25.00"
"1541","1541","88","4","38.00"
"1542","1542","95","2","51.00"
"1543","1543","2","5","64.00"
"1544","1544","9","3","77.00"
"1545","1545","16","1","90.00"
"1546","1546","23","4","103.00"
"1547","1547","30","2","116.00"
"1548","1548","37","5","129.00"
"1549","1549","44","3","142.00"
"1550","1550","51","1","155.00"
"1551","1551","58","4","168.00"
"1552","1552","65","2","181.00"
"1553","1553","72","5","194.00"
"1554","1554","79","3","207.00"
"1555","1555","86","1","220.00"
"1556","1556","93","4","233.00"
"1557","1557","100","2","246.00"
"1558","1558","7","5","259.00"
"1559","1559","14","3","272.00"
"1560","1560","21","1","285.00"
"1561","1561","28","4","298.00"
"1562","1562","35","2","311.00"
"1563","1563","42","5","324.00"
"1564","1564","49","3","337.00"
"1565","1565","56","1","350.00"
"1566","1566","63","4","363.00"
"1567","1567","70","2","376.00"
"1568","1568","77","5","389.00"
"1569","1569","84","3","402.00"
"1570","1570","91","1","415.00"
"1571","1571","98","4","428.00"
"1572","1572","5","2","441.00"
"1573","1573","12","5","454.00"
"1574","1574","19","3","467.00"
"1575","1575","26","1","480.00"
"1576","1576","33","4","493.00"
"1577","1577","40","2","6.00"
"1578","1578","47","5","19.00"
"1579","1579","54","3","32.00"
"1580","1580","61","1","45.00"
"1581","1581","68","4","58.00"
"1582","1582","75","2","71.00"
"1583","1583","82","5","84.00"
"1584","1584","89","3","97.00"
"1585","1585","96","1","110.00"
"1586","1586","3","4","123.00"
"1587","1587","10","2","136.00"
"1588","1588","17","5","149.00"
"1589","1589","24","3","162.00"
"1590","1590","31","1","175.00"
"1591","1591","38","4","188.00"
"1592","1592","45","2","201.00"
"1593","1593","52","5","214.00"
"1594","1594","59","3","227.00"
"1595","1595","66","1","240.00"
"1596","1596","73","4","253.00"
"1597","1597","80","2","266.00"
"1598","1598","87","5","279.00"
"1599","1599","94","3","292.00"
"1600","1600","1","1","305.00"
"1601","1601","8","4","318.00"
"1602","1602","15","2","331.00"
"1603","1603","22","5","344.00"
"1604","1604","29","3","357.00"
"1605","1605","36","1","370.00"
"1606","1606","43","4","383.00"
"1607","1607","50","2","396.00"
"1608","1608","57","5","409.00"
"1609","1609","64","3","422.00"
"1610","1610","71","1","435.00"
"1611","1611","78","4","448.00"
"1612","1612","85","2","461.00"
"1613","1613","92","5","474.00"
"1614","1614","99","3","487.00"
"1615","1615","6","1","500.00"
"1616","1616","13","4","13.00"
"1617","1617","20","2","26.00"
"1618","1618","27","5","39.00"
"1619","1619","34","3","52.00"
"1620","1620","41","1","65.00"
"1621","1621","48","4","78.00"
"1622","1622","55","2","91.00"
"1623","1623","62","5","104.00"
"1624","1624","69","3","117.00"
"1625","1625","76","1","130.00"
"1626","1626","83","4","143.00"
"1627","1627","90","2","156.00"
"1628","1628","97","5","169.00"
"1629","1629","4","3","182.00"
"1630","1630","11","1","195.00"
"1631","1631","18","4","208.00"
"1632","1632","25","2","221.00"
"1633","1633","32","5","234.00"
"1634","1634","39","3","247.00"
"1635","1635","46","1","260.00"
"1636","1636","53","4","273.00"
"1637","1637","60","2","286.00"
"1638","1638","67","5","299.00"
"1639","1639","74","3","312.00"
"1640","1640","81","1","325.00"
"1641","1641","88","4","338.00"
"1642","1642","95","2","351.00"
"1643","1643","2","5","364.00"
"1644","1644","9","3","377.00"
"1645","1645","16","1","390.00"
"1646","1646","23","4","403.00"
"1647","1647","30","2","416.00"
"1648","1648","37","5","429.00"
"1649","1649","44","3","442.00"
"1650","1650","51","1","455.00"
"1651","1651","58","4","468.00"
"1652","1652","65","2","481.00"
"1653","1653","72","5","494.00"
"1654","1654","79","3","7.00"
"1655","1655","86","1","20.00"
"1656","1656","93","4","33.00"
"1657","1657","100","2","46.00"
"1658","1658","7","5","59.00"
"1659","1659","14","3","72.00"
"1660","1660","21","1","85.00"
"1661","1661","28","4","98.00"
"1662","1662","35","2","111.00"
"1663","1663","42","5","124.00"
"1664","1664","49","3","137.00"
"1665","1665","56","1","150.00"
"1666","1666","63","4","163.00"
"1667","1667","70","2","176.00"
"1668","1668","77","5","189.00"
"1669","1669","84","3","202.00"
"1670","1670","91","1","215.00"
"1671","1671","98","4","228.00"
"1672","1672","5","2","241.00"
"1673","1673","12","5","254.00"
"1674","1674","19","3","267.00"
"1675","1675","26","1","280.00"
"1676","1676","33","4","293.00"
"1677","1677","40","2","306.00"
"1678","1678","47","5","319.00"
"1679","1679","54","3","332.00"
"1680","1680","61","1","345.00"
"1681","1681","68","4","358.00"
"1682","1682","75","2","371.00"
"1683","1683","82","5","384.00"
"1684","1684","89","3","397.00"
"1685","1685","96","1","410.00"
"1686","1686","3","4","423.00"
"1687","1687","10","2","436.00"
"1688","1688","17","5","449.00"
"1689","1689","24","3","462.00"
"1690","1690","31","1","475.00"
"1691","1691","38","4","488.00"
"1692","1692","45","2","501.00"
"1693","1693","52","5","14.00"
"1694","1694","59","3","27.00"
"1695","1695","66","1","40.00"
"1696","1696","73","4","53.00"
"1697","1697","80","2","66.00"
"1698","1698","87","5","79.00"
"1699","1699","94","3","92.00"
"1700","1700","1","1","105.00"
"1701","1701","8","4","118.00"
"1702","1702","15","2","131.00"
"1703","1703","22","5","144.00"
"1704","1704","29","3","157.00"
"1705","1705","36","1","170.00"
"1706","1706","43","4","183.00"
"1707","1707","50","2","196.00"
"1708","1708","57","5","209.00"
"1709","1709","64","3","222.00"
"1710","1710","71","1","235.00"
"1711","1711","78","4","248.00"
"1712","1712","85","2","261.00"
"1713","1713","92","5","274.00"
"1714","1714","99","3","287.00"
"1715","1715","6","1","300.00"
"1716","1716","13","4","313.00"
"1717","1717","20","2","326.00"
"1718","1718","27","5","339.00"
"1719","1719","34","3","352.00"
"1720","1720","41","1","365.00"
"1721","1721","48","4","378.00"
"1722","1722","55","2","391.00"
"1723","1723","62","5","404.00"
"1724","1724","69","3","417.00"
"1725","1725","76","1","430.00"
"1726","1726","83","4","443.00"
"1727","1727","90","2","456.00"
"1728","1728","97","5","469.00"
"1729","1729","4","3","482.00"
"1730","1730","11","1","495.00"
"1731","1731","18","4","8.00"
"1732","1732","25","2","21.00"
"1733","1733","32","5","34.00"
"1734","1734","39","3","47.00"
"1735","1735","46","1","60.00"
"1736","1736","53","4","73.00"
"1737","1737","60","2","86.00"
"1738","1738","67","5","99.00"
"1739","1739","74","3","112.00"
"1740","1740","81","1","125.00"
"1741","1741","88","4","138.00"
"1742","1742","95","2","151.00"
"1743","1743","2","5","164.00"
"1744","1744","9","3","177.00"
"1745","1745","16","1","190.00"
"1746","1746","23","4","203.00"
"1747","1747","30","2","216.00"
"1748","1748","37","5","229.00"
"1749","1749","44","3","242.00"
"1750","1750","51","1","255.00"
"1751","1751","58","4","268.00"
"1752","1752","65","2","281.00"
"1753","1753","72","5","294.00"
"1754","1754","79","3","307.00"
"1755","1755","86","1","320.00"
"1756","1756","93","4","333.00"
"1757","1757","100","2","346.00"
"1758","1758","7","5","359.00"
"1759","1759","14","3","372.00"
"1760","1760","21","1","385.00"
"1761","1761","28","4","398.00"
"1762","1762","35","2","411.00"
"1763","1763","42","5","424.00"
"1764","1764","49","3","437.00"
"1765","1765","56","1","450.00"
"1766","1766","63","4","463.00"
"1767","1767","70","2","476.00"
"1768","1768","77","5","489.00"
"1769","1769","84","3","502.00"
"1770","1770","91","1","15.00"
"1771","1771","98","4","28.00"
"1772","1772","5","2","41.00"
"1773","1773","12","5","54.00"
"1774","1774","19","3","67.00"
"1775","1775","26","1","80.00"
"1776","1776","33","4","93.00"
"1777","1777","40","2","106.00"
"1778","1778","47","5","119.00"
"1779","1779","54","3","132.00"
"1780","1780","61","1","145.00"
"1781","1781","68","4","158.00"
"1782","1782","75","2","171.00"
"1783","1783","82","5","184.00"
"1784","1784","89","3","197.00"
"1785","1785","96","1","210.00"
"1786","1786","3","4","223.00"
"1787","1787","10","2","236.00"
"1788","1788","17","5","249.00"
"1789","1789","24","3","262.00"
"1790","1790","31","1","275.00"
"1791","1791","38","4","288.00"
"1792","1792","45","2","301.00"
"1793","1793","52","5","314.00"
"1794","1794","59","3","327.00"
"1795","1795","66","1","340.00"
"1796","1796","73","4","353.00"
"1797","1797","80","2","366.00"
"1798","1798","87","5","379.00"
"1799","1799","94","3","392.00"
"1800","1800","1","1","405.00"
"1801","1801","8","4","418.00"
"1802","1802","15","2","431.00"
"1803","1803","22","5","444.00"
"1804","1804","29","3","457.00"
"1805","1805","36","1","470.00"
"1806","1806","43","4","483.00"
"1807","1807","50","2","496.00"
"1808","1808","57","5","9.00"
"1809","1809","64","3","22.00"
"1810","1810","71","1","35.00"
"1811","1811","78","4","48.00"
"1812","1812","85","2","61.00"
"1813","1813","92","5","74.00"
"1814","1814","99","3","87.00"
"1815","1815","6","1","100.00"
"1816","1816","13","4","113.00"
"1817","1817","20","2","126.00"
"1818","1818","27","5","139.00"
"1819","1819","34","3","152.00"
"1820","1820","41","1","165.00"
"1821","1821","48","4","178.00"
"1822","1822","55","2","191.00"
"1823","1823","62","5","204.00"
"1824","1824","69","3","217.00"
"1825","1825","76","1","230.00"
"1826","1826","83","4","243.00"
"1827","1827","90","2","256.00"
"1828","1828","97","5","269.00"
"1829","1829","4","3","282.00"
"1830","1830","11","1","295.00"
"1831","1831","18","4","308.00"
"1832","1832","25","2","321.00"
"1833","1833","32","5","334.00"
"1834","1834","39","3","347.00"
"1835","1835","46","1","360.00"
"1836","1836","53","4","373.00"
"1837","1837","60","2","386.00"
"1838","1838","67","5","399.00"
"1839","1839","74","3","412.00"
"1840","1840","81","1","425.00"
"1841","1841","88","4","438.00"
"1842","1842","95","2","451.00"
"1843","1843","2","5","464.00"
"1844","1844","9","3","477.00"
"1845","1845","16","1","490.00"
"1846","1846","23","4","503.00"
"1847","1847","30","2","16.00"
"1848","1848","37","5","29.00"
"1849","1849","44","3","42.00"
"1850","1850","51","1","55.00"
"1851","1851","58","4","68.00"
"1852","1852","65","2","81.00"
"1853","1853","72","5","94.00"
"1854","1854","79","3","107.00"
"1855","1855","86","1","120.00"
"1856","1856","93","4","133.00"
"1857","1857","100","2","146.00"
"1858","1858","7","5","159.00"
"1859","1859","14","3","172.00"
"1860","1860","21","1","185.00"
"1861","1861","28","4","198.00"
"1862","1862","35","2","211.00"
"1863","1863","42","5","224.00"
"1864","1864","49","3","237.00"
"1865","1865","56","1","250.00"
"1866","1866","63","4","263.00"
"1867","1867","70","2","276.00"
"1868","1868","77","5","289.00"
"1869","1869","84","3","302.00"
"1870","1870","91","1","315.00"
"1871","1871","98","4","328.00"
"1872","1872","5","2","341.00"
"1873","1873","12","5","354.00"
"1874","1874","19","3","367.00"
"1875","1875","26","1","380.00"
"1876","1876","33","4","393.00"
"1877","1877","40","2","406.00"
"1878","1878","47","5","419.00"
"1879","1879","54","3","432.00"
"1880","1880","61","1","445.00"
"1881","1881","68","4","458.00"
"1882","1882","75","2","471.00"
"1883","1883","82","5","484.00"
"1884","1884","89","3","497.00"
"1885","1885","96","1","10.00"
"1886","1886","3","4","23.00"
"1887","1887","10","2","36.00"
"1888","1888","17","5","49.00"
"1889","1889","24","3","62.00"
"1890","1890","31","1","75.00"
"1891","1891","38","4","88.00"
"1892","1892","45","2","101.00"
"1893","1893","52","5","114.00"
"1894","1894","59","3","127.00"
"1895","1895","66","1","140.00"
"1896","1896","73","4","153.00"
"1897","1897","80","2","166.00"
"1898","1898","87","5","179.00"
"1899","1899","94","3","192.00"
"1900","1900","1","1","205.00"
"1901","1901","8","4","218.00"
"1902","1902","15","2","231.00"
"1903","1903","22","5","244.00"
"1904","1904","29","3","257.00"
"1905","1905","36","1","270.00"
"1906","1906","43","4","283.00"
"1907","1907","50","2","296.00"
"1908","1908","57","5","309.00"
"1909","1909","64","3","322.00"
"1910","1910","71","1","335.00"
"1911","1911","78","4","348.00"
"1912","1912","85","2","361.00"
"1913","1913","92","5","374.00"
"1914","1914","99","3","387.00"
"1915","1915","6","1","400.00"
"1916","1916","13","4","413.00"
"1917","1917","20","2","426.00"
"1918","1918","27","5","439.00"
"1919","1919","34","3","452.00"
"1920","1920","41","1","465.00"
"1921","1921","48","4","478.00"
"1922","1922","55","2","491.00"
"1923","1923","62","5","504.00"
"1924","1924","69","3","17.00"
"1925","1925","76","1","30.00"
"1926","1926","83","4","43.00"
"1927","1927","90","2","56.00"
"1928","1928","97","5","69.00"
"1929","1929","4","3","82.00"
"1930","1930","11","1","95.00"
"1931","1931","18","4","108.00"
"1932","1932","25","2","121.00"
"1933","1933","32","5","134.00"
"1934","1934","39","3","147.00"
"1935","1935","46","1","160.00"
"1936","1936","53","4","173.00"
"1937","1937","60","2","186.00"
"1938","1938","67","5","199.00"
"1939","1939","74","3","212.00"
"1940","1940","81","1","225.00"
"1941","1941","88","4","238.00"
"1942","1942","95","2","251.00"
"1943","1943","2","5","264.00"
"1944","1944","9","3","277.00"
"1945","1945","16","1","290.00"
"1946","1946","23","4","303.00"
"1947","1947","30","2","316.00"
"1948","1948","37","5","329.00"
"1949","1949","44","3","342.00"
"1950","1950","51","1","355.00"
"1951","1951","58","4","368.00"
"1952","1952","65","2","381.00"
"1953","1953","72","5","394.00"
"1954","1954","79","3","407.00"
"1955","1955","86","1","420.00"
"1956","1956","93","4","433.00"
"1957","1957","100","2","446.00"
"1958","1958","7","5","459.00"
"1959","1959","14","3","472.00"
"1960","1960","21","1","485.00"
"1961","1961","28","4","498.00"
"1962","1962","35","2","11.00"
"1963","1963","42","5","24.00"
"1964","1964","49","3","37.00"
"1965","1965","56","1","50.00"
"1966","1966","63","4","63.00"
"1967","1967","70","2","76.00"
"1968","1968","77","5","89.00"
"1969","1969","84","3","102.00"
"1970","1970","91","1","115.00"
"1971","1971","98","4","128.00"
"1972","1972","5","2","141.00"
"1973","1973","12","5","154.00"
"1974","1974","19","3","167.00"
"1975","1975","26","1","180.00"
"1976","1976","33","4","193.00"
"1977","1977","40","2","206.00"
"1978","1978","47","5","219.00"
"1979","1979","54","3","232.00"
"1980","1980","61","1","245.00"
"1981","1981","68","4","258.00"
"1982","1982","75","2","271.00"
"1983","1983","82","5","284.00"
"1984","1984","89","3","297.00"
"1985","1985","96","1","310.00"
"1986","1986","3","4","323.00"
"1987","1987","10","2","336.00"
"1988","1988","17","5","349.00"
"1989","1989","24","3","362.00"
"1990","1990","31","1","375.00"
"1991","1991","38","4","388.00"
"1992","1992","45","2","401.00"
"1993","1993","52","5","414.00"
"1994","1994","59","3","427.00"
"1995","1995","66","1","440.00"
"1996","1996","73","4","453.00"
"1997","1997","80","2","466.00"
"1998","1998","87","5","479.00"
"1999","1999","94","3","492.00"
"2000","2000","1","1","5.00"
"2001","1","8","4","18.00"
"2002","2","15","2","31.00"
"2003","3","22","5","44.00"
"2004","4","29","3","57.00"
"2005","5","36","1","70.00"
"2006","6","43","4","83.00"
"2007","7","50","2","96.00"
"2008","8","57","5","109.00"
"2009","9","64","3","122.00"
"2010","10","71","1","135.00"
"2011","11","78","4","148.00"
"2012","12","85","2","161.00"
"2013","13","92","5","174.00"
"2014","14","99","3","187.00"
"2015","15","6","1","200.00"
"2016","16","13","4","213.00"
"2017","17","20","2","226.00"
"2018","18","27","5","239.00"
"2019","19","34","3","252.00"
"2020","20","41","1","265.00"
"2021","21","48","4","278.00"
"2022","22","55","2","291.00"
"2023","23","62","5","304.00"
"2024","24","69","3","317.00"
"2025","25","76","1","330.00"
"2026","26","83","4","343.00"
"2027","27","90","2","356.00"
"2028","28","97","5","369.00"
"2029","29","4","3","382.00"
"2030","30","11","1","395.00"
"2031","31","18","4","408.00"
"2032","32","25","2","421.00"
"2033","33","32","5","434.00"
"2034","34","39","3","447.00"
"2035","35","46","1","460.00"
"2036","36","53","4","473.00"
"2037","37","60","2","486.00"
"2038","38","67","5","499.00"
"2039","39","74","3","12.00"
"2040","40","81","1","25.00"
"2041","41","88","4","38.00"
"2042","42","95","2","51.00"
"2043","43","2","5","64.00"
"2044","44","9","3","77.00"
"2045","45","16","1","90.00"
"2046","46","23","4","103.00"
"2047","47","30","2","116.00"
"2048","48","37","5","129.00"
"2049","49","44","3","142.00"
"2050","50","51","1","155.00"
"2051","51","58","4","168.00"
"2052","52","65","2","181.00"
"2053","53","72","5","194.00"
"2054","54","79","3","207.00"
"2055","55","86","1","220.00"
"2056","56","93","4","233.00"
"2057","57","100","2","246.00"
"2058","58","7","5","259.00"
"2059","59","14","3","272.00"
"2060","60","21","1","285.00"
"2061","61","28","4","298.00"
"2062","62","35","2","311.00"
"2063","63","42","5","324.00"
"2064","64","49","3","337.00"
"2065","65","56","1","350.00"
"2066","66","63","4","363.00"
"2067","67","70","2","376.00"
"2068","68","77","5","389.00"
"2069","69","84","3","402.00"
"2070","70","91","1","415.00"
"2071","71","98","4","428.00"
"2072","72","5","2","441.00"
"2073","73","12","5","454.00"
"2074","74","19","3","467.00"
"2075","75","26","1","480.00"
"2076","76","33","4","493.00"
"2077","77","40","2","6.00"
"2078","78","47","5","19.00"
"2079","79","54","3","32.00"
"2080","80","61","1","45.00"
"2081","81","68","4","58.00"
"2082","82","75","2","71.00"
"2083","83","82","5","84.00"
"2084","84","89","3","97.00"
"2085","85","96","1","110.00"
"2086","86","3","4","123.00"
"2087","87","10","2","136.00"
"2088","88","17","5","149.00"
"2089","89","24","3","162.00"
"2090","90","31","1","175.00"
"2091","91","38","4","188.00"
"2092","92","45","2","201.00"
"2093","93","52","5","214.00"
"2094","94","59","3","227.00"
"2095","95","66","1","240.00"
"2096","96","73","4","253.00"
"2097","97","80","2","266.00"
"2098","98","87","5","279.00"
"2099","99","94","3","292.00"
"2100","100","1","1","305.00"
"2101","101","8","4","318.00"
"2102","102","15","2","331.00"
"2103","103","22","5","344.00"
"2104","104","29","3","357.00"
"2105","105","36","1","370.00"
"2106","106","43","4","383.00"
"2107","107","50","2","396.00"
"2108","108","57","5","409.00"
"2109","109","64","3","422.00"
"2110","110","71","1","435.00"
"2111","111","78","4","448.00"
"2112","112","85","2","461.00"
"2113","113","92","5","474.00"
"2114","114","99","3","487.00"
"2115","115","6","1","500.00"
"2116","116","13","4","13.00"
"2117","117","20","2","26.00"
"2118","118","27","5","39.00"
"2119","119","34","3","52.00"
"2120","120","41","1","65.00"
"2121","121","48","4","78.00"
"2122","122","55","2","91.00"
"2123","123","62","5","104.00"
"2124","124","69","3","117.00"
"2125","125","76","1","130.00"
"2126","126","83","4","143.00"
"2127","127","90","2","156.00"
"2128","128","97","5","169.00"
"2129","129","4","3","182.00"
"2130","130","11","1","195.00"
"2131","131","18","4","208.00"
"2132","132","25","2","221.00"
"2133","133","32","5","234.00"
"2134","134","39","3","247.00"
"2135","135","46","1","260.00"
"2136","136","53","4","273.00"
"2137","137","60","2","286.00"
"2138","138","67","5","299.00"
"2139","139","74","3","312.00"
"2140","140","81","1","325.00"
"2141","141","88","4","338.00"
"2142","142","95","2","351.00"
"2143","143","2","5","364.00"
"2144","144","9","3","377.00"
"2145","145","16","1","390.00"
"2146","146","23","4","403.00"
"2147","147","30","2","416.00"
"2148","148","37","5","429.00"
"2149","149","44","3","442.00"
"2150","150","51","1","455.00"
"2151","151","58","4","468.00"
"2152","152","65","2","481.00"
"2153","153","72","5","494.00"
"2154","154","79","3","7.00"
"2155","155","86","1","20.00"
"2156","156","93","4","33.00"
"2157","157","100","2","46.00"
"2158","158","7","5","59.00"
"2159","159","14","3","72.00"
"2160","160","21","1","85.00"
"2161","161","28","4","98.00"
"2162","162","35","2","111.00"
"2163","163","42","5","124.00"
"2164","164","49","3","137.00"
"2165","165","56","1","150.00"
"2166","166","63","4","163.00"
"2167","167","70","2","176.00"
"2168","168","77","5","189.00"
"2169","169","84","3","202.00"
"2170","170","91","1","215.00"
"2171","171","98","4","228.00"
"2172","172","5","2","241.00"
"2173","173","12","5","254.00"
"2174","174","19","3","267.00"
"2175","175","26","1","280.00"
"2176","176","33","4","293.00"
"2177","177","40","2","306.00"
"2178","178","47","5","319.00"
"2179","179","54","3","332.00"
"2180","180","61","1","345.00"
"2181","181","68","4","358.00"
"2182","182","75","2","371.00"
"2183","183","82","5","384.00"
"2184","184","89","3","397.00"
"2185","185","96","1","410.00"
"2186","186","3","4","423.00"
"2187","187","10","2","436.00"
"2188","188","17","5","449.00"
"2189","189","24","3","462.00"
"2190","190","31","1","475.00"
"2191","191","38","4","488.00"
"2192","192","45","2","501.00"
"2193","193","52","5","14.00"
"2194","194","59","3","27.00"
"2195","195","66","1","40.00"
"2196","196","73","4","53.00"
"2197","197","80","2","66.00"
"2198","198","87","5","79.00"
"2199","199","94","3","92.00"
"2200","200","1","1","105.00"
"2201","201","8","4","118.00"
"2202","202","15","2","131.00"
"2203","203","22","5","144.00"
"2204","204","29","3","157.00"
"2205","205","36","1","170.00"
"2206","206","43","4","183.00"
"2207","207","50","2","196.00"
"2208","208","57","5","209.00"
"2209","209","64","3","222.00"
"2210","210","71","1","235.00"
"2211","211","78","4","248.00"
"2212","212","85","2","261.00"
"2213","213","92","5","274.00"
"2214","214","99","3","287.00"
"2215","215","6","1","300.00"
"2216","216","13","4","313.00"
"2217","217","20","2","326.00"
"2218","218","27","5","339.00"
"2219","219","34","3","352.00"
"2220","220","41","1","365.00"
"2221","221","48","4","378.00"
"2222","222","55","2","391.00"
"2223","223","62","5","404.00"
"2224","224","69","3","417.00"
"2225","225","76","1","430.00"
"2226","226","83","4","443.00"
"2227","227","90","2","456.00"
"2228","228","97","5","469.00"
"2229","229","4","3","482.00"
"2230","230","11","1","495.00"
"2231","231","18","4","8.00"
"2232","232","25","2","21.00"
"2233","233","32","5","34.00"
"2234","234","39","3","47.00"
"2235","235","46","1","60.00"
"2236","236","53","4","73.00"
"2237","237","60","2","86.00"
"2238","238","67","5","99.00"
"2239","239","74","3","112.00"
"2240","240","81","1","125.00"
"2241","241","88","4","138.00"
"2242","242","95","2","151.00"
"2243","243","2","5","164.00"
"2244","244","9","3","177.00"
"2245","245","16","1","190.00"
"2246","246","23","4","203.00"
"2247","247","30","2","216.00"
"2248","248","37","5","229.00"
"2249","249","44","3","242.00"
"2250","250","51","1","255.00"
"2251","251","58","4","268.00"
"2252","252","65","2","281.00"
"2253","253","72","5","294.00"
"2254","254","79","3","307.00"
"2255","255","86","1","320.00"
"2256","256","93","4","333.00"
"2257","257","100","2","346.00"
"2258","258","7","5","359.00"
"2259","259","14","3","372.00"
"2260","260","21","1","385.00"
"2261","261","28","4","398.00"
"2262","262","35","2","411.00"
"2263","263","42","5","424.00"
"2264","264","49","3","437.00"
"2265","265","56","1","450.00"
"2266","266","63","4","463.00"
"2267","267","70","2","476.00"
"2268","268","77","5","489.00"
"2269","269","84","3","502.00"
"2270","270","91","1","15.00"
"2271","271","98","4","28.00"
"2272","272","5","2","41.00"
"2273","273","12","5","54.00"
"2274","274","19","3","67.00"
"2275","275","26","1","80.00"
"2276","276","33","4","93.00"
"2277","277","40","2","106.00"
"2278","278","47","5","119.00"
"2279","279","54","3","132.00"
"2280","280","61","1","145.00"
"2281","281","68","4","158.00"
"2282","282","75","2","171.00"
"2283","283","82","5","184.00"
"2284","284","89","3","197.00"
"2285","285","96","1","210.00"
"2286","286","3","4","223.00"
"2287","287","10","2","236.00"
"2288","288","17","5","249.00"
"2289","289","24","3","262.00"
"2290","290","31","1","275.00"
"2291","291","38","4","288.00"
"2292","292","45","2","301.00"
"2293","293","52","5","314.00"
"2294","294","59","3","327.00"
"2295","295","66","1","340.00"
"2296","296","73","4","353.00"
"2297","297","80","2","366.00"
"2298","298","87","5","379.00"
"2299","299","94","3","392.00"
"2300","300","1","1","405.00"
"2301","301","8","4","418.00"
"2302","302","15","2","431.00"
"2303","303","22","5","444.00"
"2304","304","29","3","457.00"
"2305","305","36","1","470.00"
"2306","306","43","4","483.00"
"2307","307","50","2","496.00"
"2308","308","57","5","9.00"
"2309","309","64","3","22.00"
"2310","310","71","1","35.00"
"2311","311","78","4","48.00"
"2312","312","85","2","61.00"
"2313","313","92","5","74.00"
"2314","314","99","3","87.00"
"2315","315","6","1","100.00"
"2316","316","13","4","113.00"
"2317","317","20","2","126.00"
"2318","318","27","5","139.00"
"2319","319","34","3","152.00"
"2320","320","41","1","165.00"
"2321","321","48","4","178.00"
"2322","322","55","2","191.00"
"2323","323","62","5","204.00"
"2324","324","69","3","217.00"
"2325","325","76","1","230.00"
"2326","326","83","4","243.00"
"2327","327","90","2","256.00"
"2328","328","97","5","269.00"
"2329","329","4","3","282.00"
"2330","330","11","1","295.00"
"2331","331","18","4","308.00"
"2332","332","25","2","321.00"
"2333","333","32","5","334.00"
"2334","334","39","3","347.00"
"2335","335","46","1","360.00"
"2336","336","53","4","373.00"
"2337","337","60","2","386.00"
"2338","338","67","5","399.00"
"2339","339","74","3","412.00"
"2340","340","81","1","425.00"
"2341","341","88","4","438.00"
"2342","342","95","2","451.00"
"2343","343","2","5","464.00"
"2344","344","9","3","477.00"
"2345","345","16","1","490.00"
"2346","346","23","4","503.00"
"2347","347","30","2","16.00"
"2348","348","37","5","29.00"
"2349","349","44","3","42.00"
"2350","350","51","1","55.00"
"2351","351","58","4","68.00"
"2352","352","65","2","81.00"
"2353","353","72","5","94.00"
"2354","354","79","3","107.00"
"2355","355","86","1","120.00"
"2356","356","93","4","133.00"
"2357","357","100","2","146.00"
"2358","358","7","5","159.00"
"2359","359","14","3","172.00"
"2360","360","21","1","185.00"
"2361","361","28","4","198.00"
"2362","362","35","2","211.00"
"2363","363","42","5","224.00"
"2364","364","49","3","237.00"
"2365","365","56","1","250.00"
"2366","366","63","4","263.00"
"2367","367","70","2","276.00"
"2368","368","77","5","289.00"
"2369","369","84","3","302.00"
"2370","370","91","1","315.00"
"2371","371","98","4","328.00"
"2372","372","5","2","341.00"
"2373","373","12","5","354.00"
"2374","374","19","3","367.00"
"2375","375","26","1","380.00"
"2376","376","33","4","393.00"
"2377","377","40","2","406.00"
"2378","378","47","5","419.00"
"2379","379","54","3","432.00"
"2380","380","61","1","445.00"
"2381","381","68","4","458.00"
"2382","382","75","2","471.00"
"2383","383","82","5","484.00"
"2384","384","89","3","497.00"
"2385","385","96","1","10.00"
"2386","386","3","4","23.00"
"2387","387","10","2","36.00"
"2388","388","17","5","49.00"
"2389","389","24","3","62.00"
"2390","390","31","1","75.00"
"2391","391","38","4","88.00"
"2392","392","45","2","101.00"
"2393","393","52","5","114.00"
"2394","394","59","3","127.00"
"2395","395","66","1","140.00"
"2396","396","73","4","153.00"
"2397","397","80","2","166.00"
"2398","398","87","5","179.00"
"2399","399","94","3","192.00"
"2400","400","1","1","205.00"
"2401","401","8","4","218.00"
"2402","402","15","2","231.00"
"2403","403","22","5","244.00"
"2404","404","29","3","257.00"
"2405","405","36","1","270.00"
"2406","406","43","4","283.00"
"2407","407","50","2","296.00"
"2408","408","57","5","309.00"
"2409","409","64","3","322.00"
"2410","410","71","1","335.00"
"2411","411","78","4","348.00"
"2412","412","85","2","361.00"
"2413","413","92","5","374.00"
"2414","414","99","3","387.00"
"2415","415","6","1","400.00"
"2416","416","13","4","413.00"
"2417","417","20","2","426.00"
"2418","418","27","5","439.00"
"2419","419","34","3","452.00"
"2420","420","41","1","465.00"
"2421","421","48","4","478.00"
"2422","422","55","2","491.00"
"2423","423","62","5","504.00"
"2424","424","69","3","17.00"
"2425","425","76","1","30.00"
"2426","426","83","4","43.00"
"2427","427","90","2","56.00"
"2428","428","97","5","69.00"
"2429","429","4","3","82.00"
"2430","430","11","1","95.00"
"2431","431","18","4","108.00"
"2432","432","25","2","121.00"
"2433","433","32","5","134.00"
"2434","434","39","3","147.00"
"2435","435","46","1","160.00"
"2436","436","53","4","173.00"
"2437","437","60","2","186.00"
"2438","438","67","5","199.00"
"2439","439","74","3","212.00"
"2440","440","81","1","225.00"
"2441","441","88","4","238.00"
"2442","442","95","2","251.00"
"2443","443","2","5","264.00"
"2444","444","9","3","277.00"
"2445","445","16","1","290.00"
"2446","446","23","4","303.00"
"2447","447","30","2","316.00"
"2448","448","37","5","329.00"
"2449","449","44","3","342.00"
"2450","450","51","1","355.00"
"2451","451","58","4","368.00"
"2452","452","65","2","381.00"
"2453","453","72","5","394.00"
"2454","454","79","3","407.00"
"2455","455","86","1","420.00"
"2456","456","93","4","433.00"
"2457","457","100","2","446.00"
"2458","458","7","5","459.00"
"2459","459","14","3","472.00"
"2460","460","21","1","485.00"
"2461","461","28","4","498.00"
"2462","462","35","2","11.00"
"2463","463","42","5","24.00"
"2464","464","49","3","37.00"
"2465","465","56","1","50.00"
"2466","466","63","4","63.00"
"2467","467","70","2","76.00"
"2468","468","77","5","89.00"
"2469","469","84","3","102.00"
"2470","470","91","1","115.00"
"2471","471","98","4","128.00"
"2472","472","5","2","141.00"
"2473","473","12","5","154.00"
"2474","474","19","3","167.00"
"2475","475","26","1","180.00"
"2476","476","33","4","193.00"
"2477","477","40","2","206.00"
"2478","478","47","5","219.00"
"2479","479","54","3","232.00"
"2480","480","61","1","245.00"
"2481","481","68","4","258.00"
"2482","482","75","2","271.00"
"2483","483","82","5","284.00"
"2484","484","89","3","297.00"
"2485","485","96","1","310.00"
"2486","486","3","4","323.00"
"2487","487","10","2","336.00"
"2488","488","17","5","349.00"
"2489","489","24","3","362.00"
"2490","490","31","1","375.00"
"2491","491","38","4","388.00"
"2492","492","45","2","401.00"
"2493","493","52","5","414.00"
"2494","494","59","3","427.00"
"2495","495","66","1","440.00"
"2496","496","73","4","453.00"
"2497","497","80","2","466.00"
"2498","498","87","5","479.00"
"2499","499","94","3","492.00"
"2500","500","1","1","5.00"
"2501","501","8","4","18.00"
"2502","502","15","2","31.00"
"2503","503","22","5","44.00"
"2504","504","29","3","57.00"
"2505","505","36","1","70.00"
"2506","506","43","4","83.00"
"2507","507","50","2","96.00"
"2508","508","57","5","109.00"
"2509","509","64","3","122.00"
"2510","510","71","1","135.00"
"2511","511","78","4","148.00"
"2512","512","85","2","161.00"
"2513","513","92","5","174.00"
"2514","514","99","3","187.00"
"2515","515","6","1","200.00"
"2516","516","13","4","213.00"
"2517","517","20","2","226.00"
"2518","518","27","5","239.00"
"2519","519","34","3","252.00"
"2520","520","41","1","265.00"
"2521","521","48","4","278.00"
"2522","522","55","2","291.00"
"2523","523","62","5","304.00"
"2524","524","69","3","317.00"
"2525","525","76","1","330.00"
"2526","526","83","4","343.00"
"2527","527","90","2","356.00"
"2528","528","97","5","369.00"
"2529","529","4","3","382.00"
"2530","530","11","1","395.00"
"2531","531","18","4","408.00"
"2532","532","25","2","421.00"
"2533","533","32","5","434.00"
"2534","534","39","3","447.00"
"2535","535","46","1","460.00"
"2536","536","53","4","473.00"
"2537","537","60","2","486.00"
"2538","538","67","5","499.00"
"2539","539","74","3","12.00"
"2540","540","81","1","25.00"
"2541","541","88","4","38.00"
"2542","542","95","2","51.00"
"2543","543","2","5","64.00"
"2544","544","9","3","77.00"
"2545","545","16","1","90.00"
"2546","546","23","4","103.00"
"2547","547","30","2","116.00"
"2548","548","37","5","129.00"
"2549","549","44","3","142.00"
"2550","550","51","1","155.00"
"2551","551","58","4","168.00"
"2552","552","65","2","181.00"
"2553","553","72","5","194.00"
"2554","554","79","3","207.00"
"2555","555","86","1","220.00"
"2556","556","93","4","233.00"
"2557","557","100","2","246.00"
"2558","558","7","5","259.00"
"2559","559","14","3","272.00"
"2560","560","21","1","285.00"
"2561","561","28","4","298.00"
"2562","562","35","2","311.00"
"2563","563","42","5","324.00"
"2564","564","49","3","337.00"
"2565","565","56","1","350.00"
"2566","566","63","4","363.00"
"2567","567","70","2","376.00"
"2568","568","77","5","389.00"
"2569","569","84","3","402.00"
"2570","570","91","1","415.00"
"2571","571","98","4","428.00"
"2572","572","5","2","441.00"
"2573","573","12","5","454.00"
"2574","574","19","3","467.00"
"2575","575","26","1","480.00"
"2576","576","33","4","493.00"
"2577","577","40","2","6.00"
"2578","578","47","5","19.00"
"2579","579","54","3","32.00"
"2580","580","61","1","45.00"
"2581","581","68","4","58.00"
"2582","582","75","2","71.00"
"2583","583","82","5","84.00"
"2584","584","89","3","97.00"
"2585","585","96","1","110.00"
"2586","586","3","4","123.00"
"2587","587","10","2","136.00"
"2588","588","17","5","149.00"
"2589","589","24","3","162.00"
"2590","590","31","1","175.00"
"2591","591","38","4","188.00"
"2592","592","45","2","201.00"
"2593","593","52","5","214.00"
"2594","594","59","3","227.00"
"2595","595","66","1","240.00"
"2596","596","73","4","253.00"
"2597","597","80","2","266.00"
"2598","598","87","5","279.00"
"2599","599","94","3","292.00"
"2600","600","1","1","305.00"
"2601","601","8","4","318.00"
"2602","602","15","2","331.00"
"2603","603","22","5","344.00"
"2604","604","29","3","357.00"
"2605","605","36","1","370.00"
"2606","606","43","4","383.00"
"2607","607","50","2","396.00"
"2608","608","57","5","409.00"
"2609","609","64","3","422.00"
"2610","610","71","1","435.00"
"2611","611","78","4","448.00"
"2612","612","85","2","461.00"
"2613","613","92","5","474.00"
"2614","614","99","3","487.00"
"2615","615","6","1","500.00"
"2616","616","13","4","13.00"
"2617","617","20","2","26.00"
"2618","618","27","5","39.00"
"2619","619","34","3","52.00"
"2620","620","41","1","65.00"
"2621","621","48","4","78.00"
"2622","622","55","2","91.00"
"2623","623","62","5","104.00"
"2624","624","69","3","117.00"
"2625","625","76","1","130.00"
"2626","626","83","4","143.00"
"2627","627","90","2","156.00"
"2628","628","97","5","169.00"
"2629","629","4","3","182.00"
"2630","630","11","1","195.00"
"2631","631","18","4","208.00"
"2632","632","25","2","221.00"
"2633","633","32","5","234.00"
"2634","634","39","3","247.00"
"2635","635","46","1","260.00"
"2636","636","53","4","273.00"
"2637","637","60","2","286.00"
"2638","638","67","5","299.00"
"2639","639","74","3","312.00"
"2640","640","81","1","325.00"
"2641","641","88","4","338.00"
"2642","642","95","2","351.00"
"2643","643","2","5","364.00"
"2644","644","9","3","377.00"
"2645","645","16","1","390.00"
"2646","646","23","4","403.00"
"2647","647","30","2","416.00"
"2648","648","37","5","429.00"
"2649","649","44","3","442.00"
"2650","650","51","1","455.00"
"2651","651","58","4","468.00"
"2652","652","65","2","481.00"
"2653","653","72","5","494.00"
"2654","654","79","3","7.00"
"2655","655","86","1","20.00"
"2656","656","93","4","33.00"
"2657","657","100","2","46.00"
"2658","658","7","5","59.00"
"2659","659","14","3","72.00"
"2660","660","21","1","85.00"
"2661","661","28","4","98.00"
"2662","662","35","2","111.00"
"2663","663","42","5","124.00"
"2664","664","49","3","137.00"
"2665","665","56","1","150.00"
"2666","666","63","4","163.00"
"2667","667","70","2","176.00"
"2668","668","77","5","189.00"
"2669","669","84","3","202.00"
"2670","670","91","1","215.00"
"2671","671","98","4","228.00"
"2672","672","5","2","241.00"
"2673","673","12","5","254.00"
"2674","674","19","3","267.00"
"2675","675","26","1","280.00"
"2676","676","33","4","293.00"
"2677","677","40","2","306.00"
"2678","678","47","5","319.00"
"2679","679","54","3","332.00"
"2680","680","61","1","345.00"
"2681","681","68","4","358.00"
"2682","682","75","2","371.00"
"2683","683","82","5","384.00"
"2684","684","89","3","397.00"
"2685","685","96","1","410.00"
"2686","686","3","4","423.00"
"2687","687","10","2","436.00"
"2688","688","17","5","449.00"
"2689","689","24","3","462.00"
"2690","690","31","1","475.00"
"2691","691","38","4","488.00"
"2692","692","45","2","501.00"
"2693","693","52","5","14.00"
"2694","694","59","3","27.00"
"2695","695","66","1","40.00"
"2696","696","73","4","53.00"
"2697","697","80","2","66.00"
"2698","698","87","5","79.00"
"2699","699","94","3","92.00"
"2700","700","1","1","105.00"
"2701","701","8","4","118.00"
"2702","702","15","2","131.00"
"2703","703","22","5","144.00"
"2704","704","29","3","157.00"
"2705","705","36","1","170.00"
"2706","706","43","4","183.00"
"2707","707","50","2","196.00"
"2708","708","57","5","209.00"
"2709","709","64","3","222.00"
"2710","710","71","1","235.00"
"2711","711","78","4","248.00"
"2712","712","85","2","261.00"
"2713","713","92","5","274.00"
"2714","714","99","3","287.00"
"2715","715","6","1","300.00"
"2716","716","13","4","313.00"
"2717","717","20","2","326.00"
"2718","718","27","5","339.00"
"2719","719","34","3","352.00"
"2720","720","41","1","365.00"
"2721","721","48","4","378.00"
"2722","722","55","2","391.00"
"2723","723","62","5","404.00"
"2724","724","69","3","417.00"
"2725","725","76","1","430.00"
"2726","726","83","4","443.00"
"2727","727","90","2","456.00"
"2728","728","97","5","469.00"
"2729","729","4","3","482.00"
"2730","730","11","1","495.00"
"2731","731","18","4","8.00"
"2732","732","25","2","21.00"
"2733","733","32","5","34.00"
"2734","734","39","3","47.00"
"2735","735","46","1","60.00"
"2736","736","53","4","73.00"
"2737","737","60","2","86.00"
"2738","738","67","5","99.00"
"2739","739","74","3","112.00"
"2740","740","81","1","125.00"
"2741","741","88","4","138.00"
"2742","742","95","2","151.00"
"2743","743","2","5","164.00"
"2744","744","9","3","177.00"
"2745","745","16","1","190.00"
"2746","746","23","4","203.00"
"2747","747","30","2","216.00"
"2748","748","37","5","229.00"
"2749","749","44","3","242.00"
"2750","750","51","1","255.00"
"2751","751","58","4","268.00"
"2752","752","65","2","281.00"
"2753","753","72","5","294.00"
"2754","754","79","3","307.00"
"2755","755","86","1","320.00"
"2756","756","93","4","333.00"
"2757","757","100","2","346.00"
"2758","758","7","5","359.00"
"2759","759","14","3","372.00"
"2760","760","21","1","385.00"
"2761","761","28","4","398.00"
"2762","762","35","2","411.00"
"2763","763","42","5","424.00"
"2764","764","49","3","437.00"
"2765","765","56","1","450.00"
"2766","766","63","4","463.00"
"2767","767","70","2","476.00"
"2768","768","77","5","489.00"
"2769","769","84","3","502.00"
"2770","770","91","1","15.00"
"2771","771","98","4","28.00"
"2772","772","5","2","41.00"
"2773","773","12","5","54.00"
"2774","774","19","3","67.00"
"2775","775","26","1","80.00"
"2776","776","33","4","93.00"
"2777","777","40","2","106.00"
"2778","778","47","5","119.00"
"2779","779","54","3","132.00"
"2780","780","61","1","145.00"
"2781","781","68","4","158.00"
"2782","782","75","2","171.00"
"2783","783","82","5","184.00"
"2784","784","89","3","197.00"
"2785","785","96","1","210.00"
"2786","786","3","4","223.00"
"2787","787","10","2","236.00"
"2788","788","17","5","249.00"
"2789","789","24","3","262.00"
"2790","790","31","1","275.00"
"2791","791","38","4","288.00"
"2792","792","45","2","301.00"
"2793","793","52","5","314.00"
"2794","794","59","3","327.00"
"2795","795","66","1","340.00"
"2796","796","73","4","353.00"
"2797","797","80","2","366.00"
"2798","798","87","5","379.00"
"2799","799","94","3","392.00"
"2800","800","1","1","405.00"
"2801","801","8","4","418.00"
"2802","802","15","2","431.00"
"2803","803","22","5","444.00"
"2804","804","29","3","457.00"
"2805","805","36","1","470.00"
"2806","806","43","4","483.00"
"2807","807","50","2","496.00"
"2808","808","57","5","9.00"
"2809","809","64","3","22.00"
"2810","810","71","1","35.00"
"2811","811","78","4","48.00"
"2812","812","85","2","61.00"
"2813","813","92","5","74.00"
"2814","814","99","3","87.00"
"2815","815","6","1","100.00"
"2816","816","13","4","113.00"
"2817","817","20","2","126.00"
"2818","818","27","5","139.00"
"2819","819","34","3","152.00"
"2820","820","41","1","165.00"
"2821","821","48","4","178.00"
"2822","822","55","2","191.00"
"2823","823","62","5","204.00"
"2824","824","69","3","217.00"
"2825","825","76","1","230.00"
"2826","826","83","4","243.00"
"2827","827","90","2","256.00"
"2828","828","97","5","269.00"
"2829","829","4","3","282.00"
"2830","830","11","1","295.00"
"2831","831","18","4","308.00"
"2832","832","25","2","321.00"
"2833","833","32","5","334.00"
"2834","834","39","3","347.00"
"2835","835","46","1","360.00"
"2836","836","53","4","373.00"
"2837","837","60","2","386.00"
"2838","838","67","5","399.00"
"2839","839","74","3","412.00"
"2840","840","81","1","425.00"
"2841","841","88","4","438.00"
"2842","842","95","2","451.00"
"2843","843","2","5","464.00"
"2844","844","9","3","477.00"
"2845","845","16","1","490.00"
"2846","846","23","4","503.00"
"2847","847","30","2","16.00"
"2848","848","37","5","29.00"
"2849","849","44","3","42.00"
"2850","850","51","1","55.00"
"2851","851","58","4","68.00"
"2852","852","65","2","81.00"
"2853","853","72","5","94.00"
"2854","854","79","3","107.00"
"2855","855","86","1","120.00"
"2856","856","93","4","133.00"
"2857","857","100","2","146.00"
"2858","858","7","5","159.00"
"2859","859","14","3","172.00"
"2860","860","21","1","185.00"
"2861","861","28","4","198.00"
"2862","862","35","2","211.00"
"2863","863","42","5","224.00"
"2864","864","49","3","237.00"
"2865","865","56","1","250.00"
"2866","866","63","4","263.00"
"2867","867","70","2","276.00"
"2868","868","77","5","289.00"
"2869","869","84","3","302.00"
"2870","870","91","1","315.00"
"2871","871","98","4","328.00"
"2872","872","5","2","341.00"
"2873","873","12","5","354.00"
"2874","874","19","3","367.00"
"2875","875","26","1","380.00"
"2876","876","33","4","393.00"
"2877","877","40","2","406.00"
"2878","878","47","5","419.00"
"2879","879","54","3","432.00"
"2880","880","61","1","445.00"
"2881","881","68","4","458.00"
"2882","882","75","2","471.00"
"2883","883","82","5","484.00"
"2884","884","89","3","497.00"
"2885","885","96","1","10.00"
"2886","886","3","4","23.00"
"2887","887","10","2","36.00"
"2888","888","17","5","49.00"
"2889","889","24","3","62.00"
"2890","890","31","1","75.00"
"2891","891","38","4","88.00"
"2892","892","45","2","101.00"
"2893","893","52","5","114.00"
"2894","894","59","3","127.00"
"2895","895","66","1","140.00"
"2896","896","73","4","153.00"
"2897","897","80","2","166.00"
"2898","898","87","5","179.00"
"2899","899","94","3","192.00"
"2900","900","1","1","205.00"
"2901","901","8","4","218.00"
"2902","902","15","2","231.00"
"2903","903","22","5","244.00"
"2904","904","29","3","257.00"
"2905","905","36","1","270.00"
"2906","906","43","4","283.00"
"2907","907","50","2","296.00"
"2908","908","57","5","309.00"
"2909","909","64","3","322.00"
"2910","910","71","1","335.00"
"2911","911","78","4","348.00"
"2912","912","85","2","361.00"
"2913","913","92","5","374.00"
"2914","914","99","3","387.00"
"2915","915","6","1","400.00"
"2916","916","13","4","413.00"
"2917","917","20","2","426.00"
"2918","918","27","5","439.00"
"2919","919","34","3","452.00"
"2920","920","41","1","465.00"
"2921","921","48","4","478.00"
"2922","922","55","2","491.00"
"2923","923","62","5","504.00"
"2924","924","69","3","17.00"
"2925","925","76","1","30.00"
"2926","926","83","4","43.00"
"2927","927","90","2","56.00"
"2928","928","97","5","69.00"
"2929","929","4","3","82.00"
"2930","930","11","1","95.00"
"2931","931","18","4","108.00"
"2932","932","25","2","121.00"
"2933","933","32","5","134.00"
"2934","934","39","3","147.00"
"2935","935","46","1","160.00"
"2936","936","53","4","173.00"
"2937","937","60","2","186.00"
"2938","938","67","5","199.00"
"2939","939","74","3","212.00"
"2940","940","81","1","225.00"
"2941","941","88","4","238.00"
"2942","942","95","2","251.00"
"2943","943","2","5","264.00"
"2944","944","9","3","277.00"
"2945","945","16","1","290.00"
"2946","946","23","4","303.00"
"2947","947","30","2","316.00"
"2948","948","37","5","329.00"
"2949","949","44","3","342.00"
"2950","950","51","1","355.00"
"2951","951","58","4","368.00"
"2952","952","65","2","381.00"
"2953","953","72","5","394.00"
"2954","954","79","3","407.00"
"2955","955","86","1","420.00"
"2956","956","93","4","433.00"
"2957","957","100","2","446.00"
"2958","958","7","5","459.00"
"2959","959","14","3","472.00"
"2960","960","21","1","485.00"
"2961","961","28","4","498.00"
"2962","962","35","2","11.00"
"2963","963","42","5","24.00"
"2964","964","49","3","37.00"
"2965","965","56","1","50.00"
"2966","966","63","4","63.00"
"2967","967","70","2","76.00"
"2968","968","77","5","89.00"
"2969","969","84","3","102.00"
"2970","970","91","1","115.00"
"2971","971","98","4","128.00"
"2972","972","5","2","141.00"
"2973","973","12","5","154.00"
"2974","974","19","3","167.00"
"2975","975","26","1","180.00"
"2976","976","33","4","193.00"
"2977","977","40","2","206.00"
"2978","978","47","5","219.00"
"2979","979","54","3","232.00"
"2980","980","61","1","245.00"
"2981","981","68","4","258.00"
"2982","982","75","2","271.00"
"2983","983","82","5","284.00"
"2984","984","89","3","297.00"
"2985","985","96","1","310.00"
"2986","986","3","4","323.00"
"2987","987","10","2","336.00"
"2988","988","17","5","349.00"
"2989","989","24","3","362.00"
"2990","990","31","1","375.00"
"2991","991","38","4","388.00"
"2992","992","45","2","401.00"
"2993","993","52","5","414.00"
"2994","994","59","3","427.00"
"2995","995","66","1","440.00"
"2996","996","73","4","453.00"
"2997","997","80","2","466.00"
"2998","998","87","5","479.00"
"2999","999","94","3","492.00"
"3000","1000","1","1","5.00"
"3001","1001","8","4","18.00"
"3002","1002","15","2","31.00"
"3003","1003","22","5","44.00"
"3004","1004","29","3","57.00"
"3005","1005","36","1","70.00"
"3006","1006","43","4","83.00"
"3007","1007","50","2","96.00"
"3008","1008","57","5","109.00"
"3009","1009","64","3","122.00"
"3010","1010","71","1","135.00"
"3011","1011","78","4","148.00"
"3012","1012","85","2","161.00"
"3013","1013","92","5","174.00"
"3014","1014","99","3","187.00"
"3015","1015","6","1","200.00"
"3016","1016","13","4","213.00"
"3017","1017","20","2","226.00"
"3018","1018","27","5","239.00"
"3019","1019","34","3","252.00"
"3020","1020","41","1","265.00"
"3021","1021","48","4","278.00"
"3022","1022","55","2","291.00"
"3023","1023","62","5","304.00"
"3024","1024","69","3","317.00"
"3025","1025","76","1","330.00"
"3026","1026","83","4","343.00"
"3027","1027","90","2","356.00"
"3028","1028","97","5","369.00"
"3029","1029","4","3","382.00"
"3030","1030","11","1","395.00"
"3031","1031","18","4","408.00"
"3032","1032","25","2","421.00"
"3033","1033","32","5","434.00"
"3034","1034","39","3","447.00"
"3035","1035","46","1","460.00"
"3036","1036","53","4","473.00"
"3037","1037","60","2","486.00"
"3038","1038","67","5","499.00"
"3039","1039","74","3","12.00"
"3040","1040","81","1","25.00"
"3041","1041","88","4","38.00"
"3042","1042","95","2","51.00"
"3043","1043","2","5","64.00"
"3044","1044","9","3","77.00"
"3045","1045","16","1","90.00"
"3046","1046","23","4","103.00"
"3047","1047","30","2","116.00"
"3048","1048","37","5","129.00"
"3049","1049","44","3","142.00"
"3050","1050","51","1","155.00"
"3051","1051","58","4","168.00"
"3052","1052","65","2","181.00"
"3053","1053","72","5","194.00"
"3054","1054","79","3","207.00"
"3055","1055","86","1","220.00"
"3056","1056","93","4","233.00"
"3057","1057","100","2","246.00"
"3058","1058","7","5","259.00"
"3059","1059","14","3","272.00"
"3060","1060","21","1","285.00"
"3061","1061","28","4","298.00"
"3062","1062","35","2","311.00"
"3063","1063","42","5","324.00"
"3064","1064","49","3","337.00"
"3065","1065","56","1","350.00"
"3066","1066","63","4","363.00"
"3067","1067","70","2","376.00"
"3068","1068","77","5","389.00"
"3069","1069","84","3","402.00"
"3070","1070","91","1","415.00"
"3071","1071","98","4","428.00"
"3072","1072","5","2","441.00"
"3073","1073","12","5","454.00"
"3074","1074","19","3","467.00"
"3075","1075","26","1","480.00"
"3076","1076","33","4","493.00"
"3077","1077","40","2","6.00"
"3078","1078","47","5","19.00"
"3079","1079","54","3","32.00"
"3080","1080","61","1","45.00"
"3081","1081","68","4","58.00"
"3082","1082","75","2","71.00"
"3083","1083","82","5","84.00"
"3084","1084","89","3","97.00"
"3085","1085","96","1","110.00"
"3086","1086","3","4","123.00"
"3087","1087","10","2","136.00"
"3088","1088","17","5","149.00"
"3089","1089","24","3","162.00"
"3090","1090","31","1","175.00"
"3091","1091","38","4","188.00"
"3092","1092","45","2","201.00"
"3093","1093","52","5","214.00"
"3094","1094","59","3","227.00"
"3095","1095","66","1","240.00"
"3096","1096","73","4","253.00"
"3097","1097","80","2","266.00"
"3098","1098","87","5","279.00"
"3099","1099","94","3","292.00"
"3100","1100","1","1","305.00"
"3101","1101","8","4","318.00"
"3102","1102","15","2","331.00"
"3103","1103","22","5","344.00"
"3104","1104","29","3","357.00"
"3105","1105","36","1","370.00"
"3106","1106","43","4","383.00"
"3107","1107","50","2","396.00"
"3108","1108","57","5","409.00"
"3109","1109","64","3","422.00"
"3110","1110","71","1","435.00"
"3111","1111","78","4","448.00"
"3112","1112","85","2","461.00"
"3113","1113","92","5","474.00"
"3114","1114","99","3","487.00"
"3115","1115","6","1","500.00"
"3116","1116","13","4","13.00"
"3117","1117","20","2","26.00"
"3118","1118","27","5","39.00"
"3119","1119","34","3","52.00"
"3120","1120","41","1","65.00"
"3121","1121","48","4","78.00"
"3122","1122","55","2","91.00"
"3123","1123","62","5","104.00"
"3124","1124","69","3","117.00"
"3125","1125","76","1","130.00"
"3126","1126","83","4","143.00"
"3127","1127","90","2","156.00"
"3128","1128","97","5","169.00"
"3129","1129","4","3","182.00"
"3130","1130","11","1","195.00"
"3131","1131","18","4","208.00"
"3132","1132","25","2","221.00"
"3133","1133","32","5","234.00"
"3134","1134","39","3","247.00"
"3135","1135","46","1","260.00"
"3136","1136","53","4","273.00"
"3137","1137","60","2","286.00"
"3138","1138","67","5","299.00"
"3139","1139","74","3","312.00"
"3140","1140","81","1","325.00"
"3141","1141","88","4","338.00"
"3142","1142","95","2","351.00"
"3143","1143","2","5","364.00"
"3144","1144","9","3","377.00"
"3145","1145","16","1","390.00"
"3146","1146","23","4","403.00"
"3147","1147","30","2","416.00"
"3148","1148","37","5","429.00"
"3149","1149","44","3","442.00"
"3150","1150","51","1","455.00"
"3151","1151","58","4","468.00"
"3152","1152","65","2","481.00"
"3153","1153","72","5","494.00"
"3154","1154","79","3","7.00"
"3155","1155","86","1","20.00"
"3156","1156","93","4","33.00"
"3157","1157","100","2","46.00"
"3158","1158","7","5","59.00"
"3159","1159","14","3","72.00"
"3160","1160","21","1","85.00"
"3161","1161","28","4","98.00"
"3162","1162","35","2","111.00"
"3163","1163","42","5","124.00"
"3164","1164","49","3","137.00"
"3165","1165","56","1","150.00"
"3166","1166","63","4","163.00"
"3167","1167","70","2","176.00"
"3168","1168","77","5","189.00"
"3169","1169","84","3","202.00"
"3170","1170","91","1","215.00"
"3171","1171","98","4","228.00"
"3172","1172","5","2","241.00"
"3173","1173","12","5","254.00"
"3174","1174","19","3","267.00"
"3175","1175","26","1","280.00"
"3176","1176","33","4","293.00"
"3177","1177","40","2","306.00"
"3178","1178","47","5","319.00"
"3179","1179","54","3","332.00"
"3180","1180","61","1","345.00"
"3181","1181","68","4","358.00"
"3182","1182","75","2","371.00"
"3183","1183","82","5","384.00"
"3184","1184","89","3","397.00"
"3185","1185","96","1","410.00"
"3186","1186","3","4","423.00"
"3187","1187","10","2","436.00"
"3188","1188","17","5","449.00"
"3189","1189","24","3","462.00"
"3190","1190","31","1","475.00"
"3191","1191","38","4","488.00"
"3192","1192","45","2","501.00"
"3193","1193","52","5","14.00"
"3194","1194","59","3","27.00"
"3195","1195","66","1","40.00"
"3196","1196","73","4","53.00"
"3197","1197","80","2","66.00"
"3198","1198","87","5","79.00"
"3199","1199","94","3","92.00"
"3200","1200","1","1","105.00"
"3201","1201","8","4","118.00"
"3202","1202","15","2","131.00"
"3203","1203","22","5","144.00"
"3204","1204","29","3","157.00"
"3205","1205","36","1","170.00"
"3206","1206","43","4","183.00"
"3207","1207","50","2","196.00"
"3208","1208","57","5","209.00"
"3209","1209","64","3","222.00"
"3210","1210","71","1","235.00"
"3211","1211","78","4","248.00"
"3212","1212","85","2","261.00"
"3213","1213","92","5","274.00"
"3214","1214","99","3","287.00"
"3215","1215","6","1","300.00"
"3216","1216","13","4","313.00"
"3217","1217","20","2","326.00"
"3218","1218","27","5","339.00"
"3219","1219","34","3","352.00"
"3220","1220","41","1","365.00"
"3221","1221","48","4","378.00"
"3222","1222","55","2","391.00"
"3223","1223","62","5","404.00"
"3224","1224","69","3","417.00"
"3225","1225","76","1","430.00"
"3226","1226","83","4","443.00"
"3227","1227","90","2","456.00"
"3228","1228","97","5","469.00"
"3229","1229","4","3","482.00"
"3230","1230","11","1","495.00"
"3231","1231","18","4","8.00"
"3232","1232","25","2","21.00"
"3233","1233","32","5","34.00"
"3234","1234","39","3","47.00"
"3235","1235","46","1","60.00"
"3236","1236","53","4","73.00"
"3237","1237","60","2","86.00"
"3238","1238","67","5","99.00"
"3239","1239","74","3","112.00"
"3240","1240","81","1","125.00"
"3241","1241","88","4","138.00"
"3242","1242","95","2","151.00"
"3243","1243","2","5","164.00"
"3244","1244","9","3","177.00"
"3245","1245","16","1","190.00"
"3246","1246","23","4","203.00"
"3247","1247","30","2","216.00"
"3248","1248","37","5","229.00"
"3249","1249","44","3","242.00"
"3250","1250","51","1","255.00"
"3251","1251","58","4","268.00"
"3252","1252","65","2","281.00"
"3253","1253","72","5","294.00"
"3254","1254","79","3","307.00"
"3255","1255","86","1","320.00"
"3256","1256","93","4","333.00"
"3257","1257","100","2","346.00"
"3258","1258","7","5","359.00"
"3259","1259","14","3","372.00"
"3260","1260","21","1","385.00"
"3261","1261","28","4","398.00"
"3262","1262","35","2","411.00"
"3263","1263","42","5","424.00"
"3264","1264","49","3","437.00"
"3265","1265","56","1","450.00"
"3266","1266","63","4","463.00"
"3267","1267","70","2","476.00"
"3268","1268","77","5","489.00"
"3269","1269","84","3","502.00"
"3270","1270","91","1","15.00"
"3271","1271","98","4","28.00"
"3272","1272","5","2","41.00"
"3273","1273","12","5","54.00"
"3274","1274","19","3","67.00"
"3275","1275","26","1","80.00"
"3276","1276","33","4","93.00"
"3277","1277","40","2","106.00"
"3278","1278","47","5","119.00"
"3279","1279","54","3","132.00"
"3280","1280","61","1","145.00"
"3281","1281","68","4","158.00"
"3282","1282","75","2","171.00"
"3283","1283","82","5","184.00"
"3284","1284","89","3","197.00"
"3285","1285","96","1","210.00"
"3286","1286","3","4","223.00"
"3287","1287","10","2","236.00"
"3288","1288","17","5","249.00"
"3289","1289","24","3","262.00"
"3290","1290","31","1","275.00"
"3291","1291","38","4","288.00"
"3292","1292","45","2","301.00"
"3293","1293","52","5","314.00"
"3294","1294","59","3","327.00"
"3295","1295","66","1","340.00"
"3296","1296","73","4","353.00"
"3297","1297","80","2","366.00"
"3298","1298","87","5","379.00"
"3299","1299","94","3","392.00"
"3300","1300","1","1","405.00"
"3301","1301","8","4","418.00"
"3302","1302","15","2","431.00"
"3303","1303","22","5","444.00"
"3304","1304","29","3","457.00"
"3305","1305","36","1","470.00"
"3306","1306","43","4","483.00"
"3307","1307","50","2","496.00"
"3308","1308","57","5","9.00"
"3309","1309","64","3","22.00"
"3310","1310","71","1","35.00"
"3311","1311","78","4","48.00"
"3312","1312","85","2","61.00"
"3313","1313","92","5","74.00"
"3314","1314","99","3","87.00"
"3315","1315","6","1","100.00"
"3316","1316","13","4","113.00"
"3317","1317","20","2","126.00"
"3318","1318","27","5","139.00"
"3319","1319","34","3","152.00"
"3320","1320","41","1","165.00"
"3321","1321","48","4","178.00"
"3322","1322","55","2","191.00"
"3323","1323","62","5","204.00"
"3324","1324","69","3","217.00"
"3325","1325","76","1","230.00"
"3326","1326","83","4","243.00"
"3327","1327","90","2","256.00"
"3328","1328","97","5","269.00"
"3329","1329","4","3","282.00"
"3330","1330","11","1","295.00"
"3331","1331","18","4","308.00"
"3332","1332","25","2","321.00"
"3333","1333","32","5","334.00"
"3334","1334","39","3","347.00"
"3335","1335","46","1","360.00"
"3336","1336","53","4","373.00"
"3337","1337","60","2","386.00"
"3338","1338","67","5","399.00"
"3339","1339","74","3","412.00"
"3340","1340","81","1","425.00"
"3341","1341","88","4","438.00"
"3342","1342","95","2","451.00"
"3343","1343","2","5","464.00"
"3344","1344","9","3","477.00"
"3345","1345","16","1","490.00"
"3346","1346","23","4","503.00"
"3347","1347","30","2","16.00"
"3348","1348","37","5","29.00"
"3349","1349","44","3","42.00"
"3350","1350","51","1","55.00"
"3351","1351","58","4","68.00"
"3352","1352","65","2","81.00"
"3353","1353","72","5","94.00"
"3354","1354","79","3","107.00"
"3355","1355","86","1","120.00"
"3356","1356","93","4","133.00"
"3357","1357","100","2","146.00"
"3358","1358","7","5","159.00"
"3359","1359","14","3","172.00"
"3360","1360","21","1","185.00"
"3361","1361","28","4","198.00"
"3362","1362","35","2","211.00"
"3363","1363","42","5","224.00"
"3364","1364","49","3","237.00"
"3365","1365","56","1","250.00"
"3366","1366","63","4","263.00"
"3367","1367","70","2","276.00"
"3368","1368","77","5","289.00"
"3369","1369","84","3","302.00"
"3370","1370","91","1","315.00"
"3371","1371","98","4","328.00"
"3372","1372","5","2","341.00"
"3373","1373","12","5","354.00"
"3374","1374","19","3","367.00"
"3375","1375","26","1","380.00"
"3376","1376","33","4","393.00"
"3377","1377","40","2","406.00"
"3378","1378","47","5","419.00"
"3379","1379","54","3","432.00"
"3380","1380","61","1","445.00"
"3381","1381","68","4","458.00"
"3382","1382","75","2","471.00"
"3383","1383","82","5","484.00"
"3384","1384","89","3","497.00"
"3385","1385","96","1","10.00"
"3386","1386","3","4","23.00"
"3387","1387","10","2","36.00"
"3388","1388","17","5","49.00"
"3389","1389","24","3","62.00"
"3390","1390","31","1","75.00"
"3391","1391","38","4","88.00"
"3392","1392","45","2","101.00"
"3393","1393","52","5","114.00"
"3394","1394","59","3","127.00"
"3395","1395","66","1","140.00"
"3396","1396","73","4","153.00"
"3397","1397","80","2","166.00"
"3398","1398","87","5","179.00"
"3399","1399","94","3","192.00"
"3400","1400","1","1","205.00"
"3401","1401","8","4","218.00"
"3402","1402","15","2","231.00"
"3403","1403","22","5","244.00"
"3404","1404","29","3","257.00"
"3405","1405","36","1","270.00"
"3406","1406","43","4","283.00"
"3407","1407","50","2","296.00"
"3408","1408","57","5","309.00"
"3409","1409","64","3","322.00"
"3410","1410","71","1","335.00"
"3411","1411","78","4","348.00"
"3412","1412","85","2","361.00"
"3413","1413","92","5","374.00"
"3414","1414","99","3","387.00"
"3415","1415","6","1","400.00"
"3416","1416","13","4","413.00"
"3417","1417","20","2","426.00"
"3418","1418","27","5","439.00"
"3419","1419","34","3","452.00"
"3420","1420","41","1","465.00"
"3421","1421","48","4","478.00"
"3422","1422","55","2","491.00"
"3423","1423","62","5","504.00"
"3424","1424","69","3","17.00"
"3425","1425","76","1","30.00"
"3426","1426","83","4","43.00"
"3427","1427","90","2","56.00"
"3428","1428","97","5","69.00"
"3429","1429","4","3","82.00"
"3430","1430","11","1","95.00"
"3431","1431","18","4","108.00"
"3432","1432","25","2","121.00"
"3433","1433","32","5","134.00"
"3434","1434","39","3","147.00"
"3435","1435","46","1","160.00"
"3436","1436","53","4","173.00"
"3437","1437","60","2","186.00"
"3438","1438","67","5","199.00"
"3439","1439","74","3","212.00"
"3440","1440","81","1","225.00"
"3441","1441","88","4","238.00"
"3442","1442","95","2","251.00"
"3443","1443","2","5","264.00"
"3444","1444","9","3","277.00"
"3445","1445","16","1","290.00"
"3446","1446","23","4","303.00"
"3447","1447","30","2","316.00"
"3448","1448","37","5","329.00"
"3449","1449","44","3","342.00"
"3450","1450","51","1","355.00"
"3451","1451","58","4","368.00"
"3452","1452","65","2","381.00"
"3453","1453","72","5","394.00"
"3454","1454","79","3","407.00"
"3455","1455","86","1","420.00"
"3456","1456","93","4","433.00"
"3457","1457","100","2","446.00"
"3458","1458","7","5","459.00"
"3459","1459","14","3","472.00"
"3460","1460","21","1","485.00"
"3461","1461","28","4","498.00"
"3462","1462","35","2","11.00"
"3463","1463","42","5","24.00"
"3464","1464","49","3","37.00"
"3465","1465","56","1","50.00"
"3466","1466","63","4","63.00"
"3467","1467","70","2","76.00"
"3468","1468","77","5","89.00"
"3469","1469","84","3","102.00"
"3470","1470","91","1","115.00"
"3471","1471","98","4","128.00"
"3472","1472","5","2","141.00"
"3473","1473","12","5","154.00"
"3474","1474","19","3","167.00"
"3475","1475","26","1","180.00"
"3476","1476","33","4","193.00"
"3477","1477","40","2","206.00"
"3478","1478","47","5","219.00"
"3479","1479","54","3","232.00"
"3480","1480","61","1","245.00"
"3481","1481","68","4","258.00"
"3482","1482","75","2","271.00"
"3483","1483","82","5","284.00"
"3484","1484","89","3","297.00"
"3485","1485","96","1","310.00"
"3486","1486","3","4","323.00"
"3487","1487","10","2","336.00"
"3488","1488","17","5","349.00"
"3489","1489","24","3","362.00"
"3490","1490","31","1","375.00"
"3491","1491","38","4","388.00"
"3492","1492","45","2","401.00"
"3493","1493","52","5","414.00"
"3494","1494","59","3","427.00"
"3495","1495","66","1","440.00"
"3496","1496","73","4","453.00"
"3497","1497","80","2","466.00"
"3498","1498","87","5","479.00"
"3499","1499","94","3","492.00"
"3500","1500","1","1","5.00"
"3501","1501","8","4","18.00"
"3502","1502","15","2","31.00"
"3503","1503","22","5","44.00"
"3504","1504","29","3","57.00"
"3505","1505","36","1","70.00"
"3506","1506","43","4","83.00"
"3507","1507","50","2","96.00"
"3508","1508","57","5","109.00"
"3509","1509","64","3","122.00"
"3510","1510","71","1","135.00"
"3511","1511","78","4","148.00"
"3512","1512","85","2","161.00"
"3513","1513","92","5","174.00"
"3514","1514","99","3","187.00"
"3515","1515","6","1","200.00"
"3516","1516","13","4","213.00"
"3517","1517","20","2","226.00"
"3518","1518","27","5","239.00"
"3519","1519","34","3","252.00"
"3520","1520","41","1","265.00"
"3521","1521","48","4","278.00"
"3522","1522","55","2","291.00"
"3523","1523","62","5","304.00"
"3524","1524","69","3","317.00"
"3525","1525","76","1","330.00"
"3526","1526","83","4","343.00"
"3527","1527","90","2","356.00"
"3528","1528","97","5","369.00"
"3529","1529","4","3","382.00"
"3530","1530","11","1","395.00"
"3531","1531","18","4","408.00"
"3532","1532","25","2","421.00"
"3533","1533","32","5","434.00"
"3534","1534","39","3","447.00"
"3535","1535","46","1","460.00"
"3536","1536","53","4","473.00"
"3537","1537","60","2","486.00"
"3538","1538","67","5","499.00"
"3539","1539","74","3","12.00"
"3540","1540","81","1","25.00"
"3541","1541","88","4","38.00"
"3542","1542","95","2","51.00"
"3543","1543","2","5","64.00"
"3544","1544","9","3","77.00"
"3545","1545","16","1","90.00"
"3546","1546","23","4","103.00"
"3547","1547","30","2","116.00"
"3548","1548","37","5","129.00"
"3549","1549","44","3","142.00"
"3550","1550","51","1","155.00"
"3551","1551","58","4","168.00"
"3552","1552","65","2","181.00"
"3553","1553","72","5","194.00"
"3554","1554","79","3","207.00"
"3555","1555","86","1","220.00"
"3556","1556","93","4","233.00"
"3557","1557","100","2","246.00"
"3558","1558","7","5","259.00"
"3559","1559","14","3","272.00"
"3560","1560","21","1","285.00"
"3561","1561","28","4","298.00"
"3562","1562","35","2","311.00"
"3563","1563","42","5","324.00"
"3564","1564","49","3","337.00"
"3565","1565","56","1","350.00"
"3566","1566","63","4","363.00"
"3567","1567","70","2","376.00"
"3568","1568","77","5","389.00"
"3569","1569","84","3","402.00"
"3570","1570","91","1","415.00"
"3571","1571","98","4","428.00"
"3572","1572","5","2","441.00"
"3573","1573","12","5","454.00"
"3574","1574","19","3","467.00"
"3575","1575","26","1","480.00"
"3576","1576","33","4","493.00"
"3577","1577","40","2","6.00"
"3578","1578","47","5","19.00"
"3579","1579","54","3","32.00"
"3580","1580","61","1","45.00"
"3581","1581","68","4","58.00"
"3582","1582","75","2","71.00"
"3583","1583","82","5","84.00"
"3584","1584","89","3","97.00"
"3585","1585","96","1","110.00"
"3586","1586","3","4","123.00"
"3587","1587","10","2","136.00"
"3588","1588","17","5","149.00"
"3589","1589","24","3","162.00"
"3590","1590","31","1","175.00"
"3591","1591","38","4","188.00"
"3592","1592","45","2","201.00"
"3593","1593","52","5","214.00"
"3594","1594","59","3","227.00"
"3595","1595","66","1","240.00"
"3596","1596","73","4","253.00"
"3597","1597","80","2","266.00"
"3598","1598","87","5","279.00"
"3599","1599","94","3","292.00"
"3600","1600","1","1","305.00"
"3601","1601","8","4","318.00"
"3602","1602","15","2","331.00"
"3603","1603","22","5","344.00"
"3604","1604","29","3","357.00"
"3605","1605","36","1","370.00"
"3606","1606","43","4","383.00"
"3607","1607","50","2","396.00"
"3608","1608","57","5","409.00"
"3609","1609","64","3","422.00"
"3610","1610","71","1","435.00"
"3611","1611","78","4","448.00"
"3612","1612","85","2","461.00"
"3613","1613","92","5","474.00"
"3614","1614","99","3","487.00"
"3615","1615","6","1","500.00"
"3616","1616","13","4","13.00"
"3617","1617","20","2","26.00"
"3618","1618","27","5","39.00"
"3619","1619","34","3","52.00"
"3620","1620","41","1","65.00"
"3621","1621","48","4","78.00"
"3622","1622","55","2","91.00"
"3623","1623","62","5","104.00"
"3624","1624","69","3","117.00"
"3625","1625","76","1","130.00"
"3626","1626","83","4","143.00"
"3627","1627","90","2","156.00"
"3628","1628","97","5","169.00"
"3629","1629","4","3","182.00"
"3630","1630","11","1","195.00"
"3631","1631","18","4","208.00"
"3632","1632","25","2","221.00"
"3633","1633","32","5","234.00"
"3634","1634","39","3","247.00"
"3635","1635","46","1","260.00"
"3636","1636","53","4","273.00"
"3637","1637","60","2","286.00"
"3638","1638","67","5","299.00"
"3639","1639","74","3","312.00"
"3640","1640","81","1","325.00"
"3641","1641","88","4","338.00"
"3642","1642","95","2","351.00"
"3643","1643","2","5","364.00"
"3644","1644","9","3","377.00"
"3645","1645","16","1","390.00"
"3646","1646","23","4","403.00"
"3647","1647","30","2","416.00"
"3648","1648","37","5","429.00"
"3649","1649","44","3","442.00"
"3650","1650","51","1","455.00"
"3651","1651","58","4","468.00"
"3652","1652","65","2","481.00"
"3653","1653","72","5","494.00"
"3654","1654","79","3","7.00"
"3655","1655","86","1","20.00"
"3656","1656","93","4","33.00"
"3657","1657","100","2","46.00"
"3658","1658","7","5","59.00"
"3659","1659","14","3","72.00"
"3660","1660","21","1","85.00"
"3661","1661","28","4","98.00"
"3662","1662","35","2","111.00"
"3663","1663","42","5","124.00"
"3664","1664","49","3","137.00"
"3665","1665","56","1","150.00"
"3666","1666","63","4","163.00"
"3667","1667","70","2","176.00"
"3668","1668","77","5","189.00"
"3669","1669","84","3","202.00"
"3670","1670","91","1","215.00"
"3671","1671","98","4","228.00"
"3672","1672","5","2","241.00"
"3673","1673","12","5","254.00"
"3674","1674","19","3","267.00"
"3675","1675","26","1","280.00"
"3676","1676","33","4","293.00"
"3677","1677","40","2","306.00"
"3678","1678","47","5","319.00"
"3679","1679","54","3","332.00"
"3680","1680","61","1","345.00"
"3681","1681","68","4","358.00"
"3682","1682","75","2","371.00"
"3683","1683","82","5","384.00"
"3684","1684","89","3","397.00"
"3685","1685","96","1","410.00"
"3686","1686","3","4","423.00"
"3687","1687","10","2","436.00"
"3688","1688","17","5","449.00"
"3689","1689","24","3","462.00"
"3690","1690","31","1","475.00"
"3691","1691","38","4","488.00"
"3692","1692","45","2","501.00"
"3693","1693","52","5","14.00"
"3694","1694","59","3","27.00"
"3695","1695","66","1","40.00"
"3696","1696","73","4","53.00"
"3697","1697","80","2","66.00"
"3698","1698","87","5","79.00"
"3699","1699","94","3","92.00"
"3700","1700","1","1","105.00"
"3701","1701","8","4","118.00"
"3702","1702","15","2","131.00"
"3703","1703","22","5","144.00"
"3704","1704","29","3","157.00"
"3705","1705","36","1","170.00"
"3706","1706","43","4","183.00"
"3707","1707","50","2","196.00"
"3708","1708","57","5","209.00"
"3709","1709","64","3","222.00"
"3710","1710","71","1","235.00"
"3711","1711","78","4","248.00"
"3712","1712","85","2","261.00"
"3713","1713","92","5","274.00"
"3714","1714","99","3","287.00"
"3715","1715","6","1","300.00"
"3716","1716","13","4","313.00"
"3717","1717","20","2","326.00"
"3718","1718","27","5","339.00"
"3719","1719","34","3","352.00"
"3720","1720","41","1","365.00"
"3721","1721","48","4","378.00"
"3722","1722","55","2","391.00"
"3723","1723","62","5","404.00"
"3724","1724","69","3","417.00"
"3725","1725","76","1","430.00"
"3726","1726","83","4","443.00"
"3727","1727","90","2","456.00"
"3728","1728","97","5","469.00"
"3729","1729","4","3","482.00"
"3730","1730","11","1","495.00"
"3731","1731","18","4","8.00"
"3732","1732","25","2","21.00"
"3733","1733","32","5","34.00"
"3734","1734","39","3","47.00"
"3735","1735","46","1","60.00"
"3736","1736","53","4","73.00"
"3737","1737","60","2","86.00"
"3738","1738","67","5","99.00"
"3739","1739","74","3","112.00"
"3740","1740","81","1","125.00"
"3741","1741","88","4","138.00"
"3742","1742","95","2","151.00"
"3743","1743","2","5","164.00"
"3744","1744","9","3","177.00"
"3745","1745","16","1","190.00"
"3746","1746","23","4","203.00"
"3747","1747","30","2","216.00"
"3748","1748","37","5","229.00"
"3749","1749","44","3","242.00"
"3750","1750","51","1","255.00"
"3751","1751","58","4","268.00"
"3752","1752","65","2","281.00"
"3753","1753","72","5","294.00"
"3754","1754","79","3","307.00"
"3755","1755","86","1","320.00"
"3756","1756","93","4","333.00"
"3757","1757","100","2","346.00"
"3758","1758","7","5","359.00"
"3759","1759","14","3","372.00"
"3760","1760","21","1","385.00"
"3761","1761","28","4","398.00"
"3762","1762","35","2","411.00"
"3763","1763","42","5","424.00"
"3764","1764","49","3","437.00"
"3765","1765","56","1","450.00"
"3766","1766","63","4","463.00"
"3767","1767","70","2","476.00"
"3768","1768","77","5","489.00"
"3769","1769","84","3","502.00"
"3770","1770","91","1","15.00"
"3771","1771","98","4","28.00"
"3772","1772","5","2","41.00"
"3773","1773","12","5","54.00"
"3774","1774","19","3","67.00"
"3775","1775","26","1","80.00"
"3776","1776","33","4","93.00"
"3777","1777","40","2","106.00"
"3778","1778","47","5","119.00"
"3779","1779","54","3","132.00"
"3780","1780","61","1","145.00"
"3781","1781","68","4","158.00"
"3782","1782","75","2","171.00"
"3783","1783","82","5","184.00"
"3784","1784","89","3","197.00"
"3785","1785","96","1","210.00"
"3786","1786","3","4","223.00"
"3787","1787","10","2","236.00"
"3788","1788","17","5","249.00"
"3789","1789","24","3","262.00"
"3790","1790","31","1","275.00"
"3791","1791","38","4","288.00"
"3792","1792","45","2","301.00"
"3793","1793","52","5","314.00"
"3794","1794","59","3","327.00"
"3795","1795","66","1","340.00"
"3796","1796","73","4","353.00"
"3797","1797","80","2","366.00"
"3798","1798","87","5","379.00"
"3799","1799","94","3","392.00"
"3800","1800","1","1","405.00"
"3801","1801","8","4","418.00"
"3802","1802","15","2","431.00"
"3803","1803","22","5","444.00"
"3804","1804","29","3","457.00"
"3805","1805","36","1","470.00"
"3806","1806","43","4","483.00"
"3807","1807","50","2","496.00"
"3808","1808","57","5","9.00"
"3809","1809","64","3","22.00"
"3810","1810","71","1","35.00"
"3811","1811","78","4","48.00"
"3812","1812","85","2","61.00"
"3813","1813","92","5","74.00"
"3814","1814","99","3","87.00"
"3815","1815","6","1","100.00"
"3816","1816","13","4","113.00"
"3817","1817","20","2","126.00"
"3818","1818","27","5","139.00"
"3819","1819","34","3","152.00"
"3820","1820","41","1","165.00"
"3821","1821","48","4","178.00"
"3822","1822","55","2","191.00"
"3823","1823","62","5","204.00"
"3824","1824","69","3","217.00"
"3825","1825","76","1","230.00"
"3826","1826","83","4","243.00"
"3827","1827","90","2","256.00"
"3828","1828","97","5","269.00"
"3829","1829","4","3","282.00"
"3830","1830","11","1","295.00"
"3831","1831","18","4","308.00"
"3832","1832","25","2","321.00"
"3833","1833","32","5","334.00"
"3834","1834","39","3","347.00"
"3835","1835","46","1","360.00"
"3836","1836","53","4","373.00"
"3837","1837","60","2","386.00"
"3838","1838","67","5","399.00"
"3839","1839","74","3","412.00"
"3840","1840","81","1","425.00"
"3841","1841","88","4","438.00"
"3842","1842","95","2","451.00"
"3843","1843","2","5","464.00"
"3844","1844","9","3","477.00"
"3845","1845","16","1","490.00"
"3846","1846","23","4","503.00"
"3847","1847","30","2","16.00"
"3848","1848","37","5","29.00"
"3849","1849","44","3","42.00"
"3850","1850","51","1","55.00"
"3851","1851","58","4","68.00"
"3852","1852","65","2","81.00"
"3853","1853","72","5","94.00"
"3854","1854","79","3","107.00"
"3855","1855","86","1","120.00"
"3856","1856","93","4","133.00"
"3857","1857","100","2","146.00"
"3858","1858","7","5","159.00"
"3859","1859","14","3","172.00"
"3860","1860","21","1","185.00"
"3861","1861","28","4","198.00"
"3862","1862","35","2","211.00"
"3863","1863","42","5","224.00"
"3864","1864","49","3","237.00"
"3865","1865","56","1","250.00"
"3866","1866","63","4","263.00"
"3867","1867","70","2","276.00"
"3868","1868","77","5","289.00"
"3869","1869","84","3","302.00"
"3870","1870","91","1","315.00"
"3871","1871","98","4","328.00"
"3872","1872","5","2","341.00"
"3873","1873","12","5","354.00"
"3874","1874","19","3","367.00"
"3875","1875","26","1","380.00"
"3876","1876","33","4","393.00"
"3877","1877","40","2","406.00"
"3878","1878","47","5","419.00"
"3879","1879","54","3","432.00"
"3880","1880","61","1","445.00"
"3881","1881","68","4","458.00"
"3882","1882","75","2","471.00"
"3883","1883","82","5","484.00"
"3884","1884","89","3","497.00"
"3885","1885","96","1","10.00"
"3886","1886","3","4","23.00"
"3887","1887","10","2","36.00"
"3888","1888","17","5","49.00"
"3889","1889","24","3","62.00"
"3890","1890","31","1","75.00"
"3891","1891","38","4","88.00"
"3892","1892","45","2","101.00"
"3893","1893","52","5","114.00"
"3894","1894","59","3","127.00"
"3895","1895","66","1","140.00"
"3896","1896","73","4","153.00"
"3897","1897","80","2","166.00"
"3898","1898","87","5","179.00"
"3899","1899","94","3","192.00"
"3900","1900","1","1","205.00"
"3901","1901","8","4","218.00"
"3902","1902","15","2","231.00"
"3903","1903","22","5","244.00"
"3904","1904","29","3","257.00"
"3905","1905","36","1","270.00"
"3906","1906","43","4","283.00"
"3907","1907","50","2","296.00"
"3908","1908","57","5","309.00"
"3909","1909","64","3","322.00"
"3910","1910","71","1","335.00"
"3911","1911","78","4","348.00"
"3912","1912","85","2","361.00"
"3913","1913","92","5","374.00"
"3914","1914","99","3","387.00"
"3915","1915","6","1","400.00"
"3916","1916","13","4","413.00"
"3917","1917","20","2","426.00"
"3918","1918","27","5","439.00"
"3919","1919","34","3","452.00"
"3920","1920","41","1","465.00"
"3921","1921","48","4","478.00"
"3922","1922","55","2","491.00"
"3923","1923","62","5","504.00"
"3924","1924","69","3","17.00"
"3925","1925","76","1","30.00"
"3926","1926","83","4","43.00"
"3927","1927","90","2","56.00"
"3928","1928","97","5","69.00"
"3929","1929","4","3","82.00"
"3930","1930","11","1","95.00"
"3931","1931","18","4","108.00"
"3932","1932","25","2","121.00"
"3933","1933","32","5","134.00"
"3934","1934","39","3","147.00"
"3935","1935","46","1","160.00"
"3936","1936","53","4","173.00"
"3937","1937","60","2","186.00"
"3938","1938","67","5","199.00"
"3939","1939","74","3","212.00"
"3940","1940","81","1","225.00"
"3941","1941","88","4","238.00"
"3942","1942","95","2","251.00"
"3943","1943","2","5","264.00"
"3944","1944","9","3","277.00"
"3945","1945","16","1","290.00"
"3946","1946","23","4","303.00"
"3947","1947","30","2","316.00"
"3948","1948","37","5","329.00"
"3949","1949","44","3","342.00"
"3950","1950","51","1","355.00"
"3951","1951","58","4","368.00"
"3952","1952","65","2","381.00"
"3953","1953","72","5","394.00"
"3954","1954","79","3","407.00"
"3955","1955","86","1","420.00"
"3956","1956","93","4","433.00"
"3957","1957","100","2","446.00"
"3958","1958","7","5","459.00"
"3959","1959","14","3","472.00"
"3960","1960","21","1","485.00"
"3961","1961","28","4","498.00"
"3962","1962","35","2","11.00"
"3963","1963","42","5","24.00"
"3964","1964","49","3","37.00"
"3965","1965","56","1","50.00"
"3966","1966","63","4","63.00"
"3967","1967","70","2","76.00"
"3968","1968","77","5","89.00"
"3969","1969","84","3","102.00"
"3970","1970","91","1","115.00"
"3971","1971","98","4","128.00"
"3972","1972","5","2","141.00"
"3973","1973","12","5","154.00"
"3974","1974","19","3","167.00"
"3975","1975","26","1","180.00"
"3976","1976","33","4","193.00"
"3977","1977","40","2","206.00"
"3978","1978","47","5","219.00"
"3979","1979","54","3","232.00"
"3980","1980","61","1","245.00"
"3981","1981","68","4","258.00"
"3982","1982","75","2","271.00"
"3983","1983","82","5","284.00"
"3984","1984","89","3","297.00"
"3985","1985","96","1","310.00"
"3986","1986","3","4","323.00"
"3987","1987","10","2","336.00"
"3988","1988","17","5","349.00"
"3989","1989","24","3","362.00"
"3990","1990","31","1","375.00"
"3991","1991","38","4","388.00"
"3992","1992","45","2","401.00"
"3993","1993","52","5","414.00"
"3994","1994","59","3","427.00"
"3995","1995","66","1","440.00"
"3996","1996","73","4","453.00"
"3997","1997","80","2","466.00"
"3998","1998","87","5","479.00"
"3999","1999","94","3","492.00"
"4000","2000","1","1","5.00"
"4001","1","8","4","18.00"
"4002","2","15","2","31.00"
"4003","3","22","5","44.00"
"4004","4","29","3","57.00"
"4005","5","36","1","70.00"
"4006","6","43","4","83.00"
"4007","7","50","2","96.00"
"4008","8","57","5","109.00"
"4009","9","64","3","122.00"
"4010","10","71","1","135.00"
"4011","11","78","4","148.00"
"4012","12","85","2","161.00"
"4013","13","92","5","174.00"
"4014","14","99","3","187.00"
"4015","15","6","1","200.00"
"4016","16","13","4","213.00"
"4017","17","20","2","226.00"
"4018","18","27","5","239.00"
"4019","19","34","3","252.00"
"4020","20","41","1","265.00"
"4021","21","48","4","278.00"
"4022","22","55","2","291.00"
"4023","23","62","5","304.00"
"4024","24","69","3","317.00"
"4025","25","76","1","330.00"
"4026","26","83","4","343.00"
"4027","27","90","2","356.00"
"4028","28","97","5","369.00"
"4029","29","4","3","382.00"
"4030","30","11","1","395.00"
"4031","31","18","4","408.00"
"4032","32","25","2","421.00"
"4033","33","32","5","434.00"
"4034","34","39","3","447.00"
"4035","35","46","1","460.00"
"4036","36","53","4","473.00"
"4037","37","60","2","486.00"
"4038","38","67","5","499.00"
"4039","39","74","3","12.00"
"4040","40","81","1","25.00"
"4041","41","88","4","38.00"
"4042","42","95","2","51.00"
"4043","43","2","5","64.00"
"4044","44","9","3","77.00"
"4045","45","16","1","90.00"
"4046","46","23","4","103.00"
"4047","47","30","2","116.00"
"4048","48","37","5","129.00"
"4049","49","44","3","142.00"
"4050","50","51","1","155.00"
"4051","51","58","4","168.00"
"4052","52","65","2","181.00"
"4053","53","72","5","194.00"
"4054","54","79","3","207.00"
"4055","55","86","1","220.00"
"4056","56","93","4","233.00"
"4057","57","100","2","246.00"
"4058","58","7","5","259.00"
"4059","59","14","3","272.00"
"4060","60","21","1","285.00"
"4061","61","28","4","298.00"
"4062","62","35","2","311.00"
"4063","63","42","5","324.00"
"4064","64","49","3","337.00"
"4065","65","56","1","350.00"
"4066","66","63","4","363.00"
"4067","67","70","2","376.00"
"4068","68","77","5","389.00"
"4069","69","84","3","402.00"
"4070","70","91","1","415.00"
"4071","71","98","4","428.00"
"4072","72","5","2","441.00"
"4073","73","12","5","454.00"
"4074","74","19","3","467.00"
"4075","75","26","1","480.00"
"4076","76","33","4","493.00"
"4077","77","40","2","6.00"
"4078","78","47","5","19.00"
"4079","79","54","3","32.00"
"4080","80","61","1","45.00"
"4081","81","68","4","58.00"
"4082","82","75","2","71.00"
"4083","83","82","5","84.00"
"4084","84","89","3","97.00"
"4085","85","96","1","110.00"
"4086","86","3","4","123.00"
"4087","87","10","2","136.00"
"4088","88","17","5","149.00"
"4089","89","24","3","162.00"
"4090","90","31","1","175.00"
"4091","91","38","4","188.00"
"4092","92","45","2","201.00"
"4093","93","52","5","214.00"
"4094","94","59","3","227.00"
"4095","95","66","1","240.00"
"4096","96","73","4","253.00"
"4097","97","80","2","266.00"
"4098","98","87","5","279.00"
"4099","99","94","3","292.00"
"4100","100","1","1","305.00"
"4101","101","8","4","318.00"
"4102","102","15","2","331.00"
"4103","103","22","5","344.00"
"4104","104","29","3","357.00"
"4105","105","36","1","370.00"
"4106","106","43","4","383.00"
"4107","107","50","2","396.00"
"4108","108","57","5","409.00"
"4109","109","64","3","422.00"
"4110","110","71","1","435.00"
"4111","111","78","4","448.00"
"4112","112","85","2","461.00"
"4113","113","92","5","474.00"
"4114","114","99","3","487.00"
"4115","115","6","1","500.00"
"4116","116","13","4","13.00"
"4117","117","20","2","26.00"
"4118","118","27","5","39.00"
"4119","119","34","3","52.00"
"4120","120","41","1","65.00"
"4121","121","48","4","78.00"
"4122","122","55","2","91.00"
"4123","123","62","5","104.00"
"4124","124","69","3","117.00"
"4125","125","76","1","130.00"
"4126","126","83","4","143.00"
"4127","127","90","2","156.00"
"4128","128","97","5","169.00"
"4129","129","4","3","182.00"
"4130","130","11","1","195.00"
"4131","131","18","4","208.00"
"4132","132","25","2","221.00"
"4133","133","32","5","234.00"
"4134","134","39","3","247.00"
"4135","135","46","1","260.00"
"4136","136","53","4","273.00"
"4137","137","60","2","286.00"
"4138","138","67","5","299.00"
"4139","139","74","3","312.00"
"4140","140","81","1","325.00"
"4141","141","88","4","338.00"
"4142","142","95","2","351.00"
"4143","143","2","5","364.00"
"4144","144","9","3","377.00"
"4145","145","16","1","390.00"
"4146","146","23","4","403.00"
"4147","147","30","2","416.00"
"4148","148","37","5","429.00"
"4149","149","44","3","442.00"
"4150","150","51","1","455.00"
"4151","151","58","4","468.00"
"4152","152","65","2","481.00"
"4153","153","72","5","494.00"
"4154","154","79","3","7.00"
"4155","155","86","1","20.00"
"4156","156","93","4","33.00"
"4157","157","100","2","46.00"
"4158","158","7","5","59.00"
"4159","159","14","3","72.00"
"4160","160","21","1","85.00"
"4161","161","28","4","98.00"
"4162","162","35","2","111.00"
"4163","163","42","5","124.00"
"4164","164","49","3","137.00"
"4165","165","56","1","150.00"
"4166","166","63","4","163.00"
"4167","167","70","2","176.00"
"4168","168","77","5","189.00"
"4169","169","84","3","202.00"
"4170","170","91","1","215.00"
"4171","171","98","4","228.00"
"4172","172","5","2","241.00"
"4173","173","12","5","254.00"
"4174","174","19","3","267.00"
"4175","175","26","1","280.00"
"4176","176","33","4","293.00"
"4177","177","40","2","306.00"
"4178","178","47","5","319.00"
"4179","179","54","3","332.00"
"4180","180","61","1","345.00"
"4181","181","68","4","358.00"
"4182","182","75","2","371.00"
"4183","183","82","5","384.00"
"4184","184","89","3","397.00"
"4185","185","96","1","410.00"
"4186","186","3","4","423.00"
"4187","187","10","2","436.00"
"4188","188","17","5","449.00"
"4189","189","24","3","462.00"
"4190","190","31","1","475.00"
"4191","191","38","4","488.00"
"4192","192","45","2","501.00"
"4193","193","52","5","14.00"
"4194","194","59","3","27.00"
"4195","195","66","1","40.00"
"4196","196","73","4","53.00"
"4197","197","80","2","66.00"
"4198","198","87","5","79.00"
"4199","199","94","3","92.00"
"4200","200","1","1","105.00"
"4201","201","8","4","118.00"
"4202","202","15","2","131.00"
"4203","203","22","5","144.00"
"4204","204","29","3","157.00"
"4205","205","36","1","170.00"
"4206","206","43","4","183.00"
"4207","207","50","2","196.00"
"4208","208","57","5","209.00"
"4209","209","64","3","222.00"
"4210","210","71","1","235.00"
"4211","211","78","4","248.00"
"4212","212","85","2","261.00"
"4213","213","92","5","274.00"
"4214","214","99","3","287.00"
"4215","215","6","1","300.00"
"4216","216","13","4","313.00"
"4217","217","20","2","326.00"
"4218","218","27","5","339.00"
"4219","219","34","3","352.00"
"4220","220","41","1","365.00"
"4221","221","48","4","378.00"
"4222","222","55","2","391.00"
"4223","223","62","5","404.00"
"4224","224","69","3","417.00"
"4225","225","76","1","430.00"
"4226","226","83","4","443.00"
"4227","227","90","2","456.00"
"4228","228","97","5","469.00"
"4229","229","4","3","482.00"
"4230","230","11","1","495.00"
"4231","231","18","4","8.00"
"4232","232","25","2","21.00"
"4233","233","32","5","34.00"
"4234","234","39","3","47.00"
"4235","235","46","1","60.00"
"4236","236","53","4","73.00"
"4237","237","60","2","86.00"
"4238","238","67","5","99.00"
"4239","239","74","3","112.00"
"4240","240","81","1","125.00"
"4241","241","88","4","138.00"
"4242","242","95","2","151.00"
"4243","243","2","5","164.00"
"4244","244","9","3","177.00"
"4245","245","16","1","190.00"
"4246","246","23","4","203.00"
"4247","247","30","2","216.00"
"4248","248","37","5","229.00"
"4249","249","44","3","242.00"
"4250","250","51","1","255.00"
"4251","251","58","4","268.00"
"4252","252","65","2","281.00"
"4253","253","72","5","294.00"
"4254","254","79","3","307.00"
"4255","255","86","1","320.00"
"4256","256","93","4","333.00"
"4257","257","100","2","346.00"
"4258","258","7","5","359.00"
"4259","259","14","3","372.00"
"4260","260","21","1","385.00"
"4261","261","28","4","398.00"
"4262","262","35","2","411.00"
"4263","263","42","5","424.00"
"4264","264","49","3","437.00"
"4265","265","56","1","450.00"
"4266","266","63","4","463.00"
"4267","267","70","2","476.00"
"4268","268","77","5","489.00"
"4269","269","84","3","502.00"
"4270","270","91","1","15.00"
"4271","271","98","4","28.00"
"4272","272","5","2","41.00"
"4273","273","12","5","54.00"
"4274","274","19","3","67.00"
"4275","275","26","1","80.00"
"4276","276","33","4","93.00"
"4277","277","40","2","106.00"
"4278","278","47","5","119.00"
"4279","279","54","3","132.00"
"4280","280","61","1","145.00"
"4281","281","68","4","158.00"
"4282","282","75","2","171.00"
"4283","283","82","5","184.00"
"4284","284","89","3","197.00"
"4285","285","96","1","210.00"
"4286","286","3","4","223.00"
"4287","287","10","2","236.00"
"4288","288","17","5","249.00"
"4289","289","24","3","262.00"
"4290","290","31","1","275.00"
"4291","291","38","4","288.00"
"4292","292","45","2","301.00"
"4293","293","52","5","314.00"
"4294","294","59","3","327.00"
"4295","295","66","1","340.00"
"4296","296","73","4","353.00"
"4297","297","80","2","366.00"
"4298","298","87","5","379.00"
"4299","299","94","3","392.00"
"4300","300","1","1","405.00"
"4301","301","8","4","418.00"
"4302","302","15","2","431.00"
"4303","303","22","5","444.00"
"4304","304","29","3","457.00"
"4305","305","36","1","470.00"
"4306","306","43","4","483.00"
"4307","307","50","2","496.00"
"4308","308","57","5","9.00"
"4309","309","64","3","22.00"
"4310","310","71","1","35.00"
"4311","311","78","4","48.00"
"4312","312","85","2","61.00"
"4313","313","92","5","74.00"
"4314","314","99","3","87.00"
"4315","315","6","1","100.00"
"4316","316","13","4","113.00"
"4317","317","20","2","126.00"
"4318","318","27","5","139.00"
"4319","319","34","3","152.00"
"4320","320","41","1","165.00"
"4321","321","48","4","178.00"
"4322","322","55","2","191.00"
"4323","323","62","5","204.00"
"4324","324","69","3","217.00"
"4325","325","76","1","230.00"
"4326","326","83","4","243.00"
"4327","327","90","2","256.00"
"4328","328","97","5","269.00"
"4329","329","4","3","282.00"
"4330","330","11","1","295.00"
"4331","331","18","4","308.00"
"4332","332","25","2","321.00"
"4333","333","32","5","334.00"
"4334","334","39","3","347.00"
"4335","335","46","1","360.00"
"4336","336","53","4","373.00"
"4337","337","60","2","386.00"
"4338","338","67","5","399.00"
"4339","339","74","3","412.00"
"4340","340","81","1","425.00"
"4341","341","88","4","438.00"
"4342","342","95","2","451.00"
"4343","343","2","5","464.00"
"4344","344","9","3","477.00"
"4345","345","16","1","490.00"
"4346","346","23","4","503.00"
"4347","347","30","2","16.00"
"4348","348","37","5","29.00"
"4349","349","44","3","42.00"
"4350","350","51","1","55.00"
"4351","351","58","4","68.00"
"4352","352","65","2","81.00"
"4353","353","72","5","94.00"
"4354","354","79","3","107.00"
"4355","355","86","1","120.00"
"4356","356","93","4","133.00"
"4357","357","100","2","146.00"
"4358","358","7","5","159.00"
"4359","359","14","3","172.00"
"4360","360","21","1","185.00"
"4361","361","28","4","198.00"
"4362","362","35","2","211.00"
"4363","363","42","5","224.00"
"4364","364","49","3","237.00"
"4365","365","56","1","250.00"
"4366","366","63","4","263.00"
"4367","367","70","2","276.00"
"4368","368","77","5","289.00"
"4369","369","84","3","302.00"
"4370","370","91","1","315.00"
"4371","371","98","4","328.00"
"4372","372","5","2","341.00"
"4373","373","12","5","354.00"
"4374","374","19","3","367.00"
"4375","375","26","1","380.00"
"4376","376","33","4","393.00"
"4377","377","40","2","406.00"
"4378","378","47","5","419.00"
"4379","379","54","3","432.00"
"4380","380","61","1","445.00"
"4381","381","68","4","458.00"
"4382","382","75","2","471.00"
"4383","383","82","5","484.00"
"4384","384","89","3","497.00"
"4385","385","96","1","10.00"
"4386","386","3","4","23.00"
"4387","387","10","2","36.00"
"4388","388","17","5","49.00"
"4389","389","24","3","62.00"
"4390","390","31","1","75.00"
"4391","391","38","4","88.00"
"4392","392","45","2","101.00"
"4393","393","52","5","114.00"
"4394","394","59","3","127.00"
"4395","395","66","1","140.00"
"4396","396","73","4","153.00"
"4397","397","80","2","166.00"
"4398","398","87","5","179.00"
"4399","399","94","3","192.00"
"4400","400","1","1","205.00"
"4401","401","8","4","218.00"
"4402","402","15","2","231.00"
"4403","403","22","5","244.00"
"4404","404","29","3","257.00"
"4405","405","36","1","270.00"
"4406","406","43","4","283.00"
"4407","407","50","2","296.00"
"4408","408","57","5","309.00"
"4409","409","64","3","322.00"
"4410","410","71","1","335.00"
"4411","411","78","4","348.00"
"4412","412","85","2","361.00"
"4413","413","92","5","374.00"
"4414","414","99","3","387.00"
"4415","415","6","1","400.00"
"4416","416","13","4","413.00"
"4417","417","20","2","426.00"
"4418","418","27","5","439.00"
"4419","419","34","3","452.00"
"4420","420","41","1","465.00"
"4421","421","48","4","478.00"
"4422","422","55","2","491.00"
"4423","423","62","5","504.00"
"4424","424","69","3","17.00"
"4425","425","76","1","30.00"
"4426","426","83","4","43.00"
"4427","427","90","2","56.00"
"4428","428","97","5","69.00"
"4429","429","4","3","82.00"
"4430","430","11","1","95.00"
"4431","431","18","4","108.00"
"4432","432","25","2","121.00"
"4433","433","32","5","134.00"
"4434","434","39","3","147.00"
"4435","435","46","1","160.00"
"4436","436","53","4","173.00"
"4437","437","60","2","186.00"
"4438","438","67","5","199.00"
"4439","439","74","3","212.00"
"4440","440","81","1","225.00"
"4441","441","88","4","238.00"
"4442","442","95","2","251.00"
"4443","443","2","5","264.00"
"4444","444","9","3","277.00"
"4445","445","16","1","290.00"
"4446","446","23","4","303.00"
"4447","447","30","2","316.00"
"4448","448","37","5","329.00"
"4449","449","44","3","342.00"
"4450","450","51","1","355.00"
"4451","451","58","4","368.00"
"4452","452","65","2","381.00"
"4453","453","72","5","394.00"
"4454","454","79","3","407.00"
"4455","455","86","1","420.00"
"4456","456","93","4","433.00"
"4457","457","100","2","446.00"
"4458","458","7","5","459.00"
"4459","459","14","3","472.00"
"4460","460","21","1","485.00"
"4461","461","28","4","498.00"
"4462","462","35","2","11.00"
"4463","463","42","5","24.00"
"4464","464","49","3","37.00"
"4465","465","56","1","50.00"
"4466","466","63","4","63.00"
"4467","467","70","2","76.00"
"4468","468","77","5","89.00"
"4469","469","84","3","102.00"
"4470","470","91","1","115.00"
"4471","471","98","4","128.00"
"4472","472","5","2","141.00"
"4473","473","12","5","154.00"
"4474","474","19","3","167.00"
"4475","475","26","1","180.00"
"4476","476","33","4","193.00"
"4477","477","40","2","206.00"
"4478","478","47","5","219.00"
"4479","479","54","3","232.00"
"4480","480","61","1","245.00"
"4481","481","68","4","258.00"
"4482","482","75","2","271.00"
"4483","483","82","5","284.00"
"4484","484","89","3","297.00"
"4485","485","96","1","310.00"
"4486","486","3","4","323.00"
"4487","487","10","2","336.00"
"4488","488","17","5","349.00"
"4489","489","24","3","362.00"
"4490","490","31","1","375.00"
"4491","491","38","4","388.00"
"4492","492","45","2","401.00"
"4493","493","52","5","414.00"
"4494","494","59","3","427.00"
"4495","495","66","1","440.00"
"4496","496","73","4","453.00"
"4497","497","80","2","466.00"
"4498","498","87","5","479.00"
"4499","499","94","3","492.00"
"4500","500","1","1","5.00"
"4501","501","8","4","18.00"
"4502","502","15","2","31.00"
"4503","503","22","5","44.00"
"4504","504","29","3","57.00"
"4505","505","36","1","70.00"
"4506","506","43","4","83.00"
"4507","507","50","2","96.00"
"4508","508","57","5","109.00"
"4509","509","64","3","122.00"
"4510","510","71","1","135.00"
"4511","511","78","4","148.00"
"4512","512","85","2","161.00"
"4513","513","92","5","174.00"
"4514","514","99","3","187.00"
"4515","515","6","1","200.00"
"4516","516","13","4","213.00"
"4517","517","20","2","226.00"
"4518","518","27","5","239.00"
"4519","519","34","3","252.00"
"4520","520","41","1","265.00"
"4521","521","48","4","278.00"
"4522","522","55","2","291.00"
"4523","523","62","5","304.00"
"4524","524","69","3","317.00"
"4525","525","76","1","330.00"
"4526","526","83","4","343.00"
"4527","527","90","2","356.00"
"4528","528","97","5","369.00"
"4529","529","4","3","382.00"
"4530","530","11","1","395.00"
"4531","531","18","4","408.00"
"4532","532","25","2","421.00"
"4533","533","32","5","434.00"
"4534","534","39","3","447.00"
"4535","535","46","1","460.00"
"4536","536","53","4","473.00"
"4537","537","60","2","486.00"
"4538","538","67","5","499.00"
"4539","539","74","3","12.00"
"4540","540","81","1","25.00"
"4541","541","88","4","38.00"
"4542","542","95","2","51.00"
"4543","543","2","5","64.00"
"4544","544","9","3","77.00"
"4545","545","16","1","90.00"
"4546","546","23","4","103.00"
"4547","547","30","2","116.00"
"4548","548","37","5","129.00"
"4549","549","44","3","142.00"
"4550","550","51","1","155.00"
"4551","551","58","4","168.00"
"4552","552","65","2","181.00"
"4553","553","72","5","194.00"
"4554","554","79","3","207.00"
"4555","555","86","1","220.00"
"4556","556","93","4","233.00"
"4557","557","100","2","246.00"
"4558","558","7","5","259.00"
"4559","559","14","3","272.00"
"4560","560","21","1","285.00"
"4561","561","28","4","298.00"
"4562","562","35","2","311.00"
"4563","563","42","5","324.00"
"4564","564","49","3","337.00"
"4565","565","56","1","350.00"
"4566","566","63","4","363.00"
"4567","567","70","2","376.00"
"4568","568","77","5","389.00"
"4569","569","84","3","402.00"
"4570","570","91","1","415.00"
"4571","571","98","4","428.00"
"4572","572","5","2","441.00"
"4573","573","12","5","454.00"
"4574","574","19","3","467.00"
"4575","575","26","1","480.00"
"4576","576","33","4","493.00"
"4577","577","40","2","6.00"
"4578","578","47","5","19.00"
"4579","579","54","3","32.00"
"4580","580","61","1","45.00"
"4581","581","68","4","58.00"
"4582","582","75","2","71.00"
"4583","583","82","5","84.00"
"4584","584","89","3","97.00"
"4585","585","96","1","110.00"
"4586","586","3","4","123.00"
"4587","587","10","2","136.00"
"4588","588","17","5","149.00"
"4589","589","24","3","162.00"
"4590","590","31","1","175.00"
"4591","591","38","4","188.00"
"4592","592","45","2","201.00"
"4593","593","52","5","214.00"
"4594","594","59","3","227.00"
"4595","595","66","1","240.00"
"4596","596","73","4","253.00"
"4597","597","80","2","266.00"
"4598","598","87","5","279.00"
"4599","599","94","3","292.00"
"4600","600","1","1","305.00"
"4601","601","8","4","318.00"
"4602","602","15","2","331.00"
"4603","603","22","5","344.00"
"4604","604","29","3","357.00"
"4605","605","36","1","370.00"
"4606","606","43","4","383.00"
"4607","607","50","2","396.00"
"4608","608","57","5","409.00"
"4609","609","64","3","422.00"
"4610","610","71","1","435.00"
"4611","611","78","4","448.00"
"4612","612","85","2","461.00"
"4613","613","92","5","474.00"
"4614","614","99","3","487.00"
"4615","615","6","1","500.00"
"4616","616","13","4","13.00"
"4617","617","20","2","26.00"
"4618","618","27","5","39.00"
"4619","619","34","3","52.00"
"4620","620","41","1","65.00"
"4621","621","48","4","78.00"
"4622","622","55","2","91.00"
"4623","623","62","5","104.00"
"4624","624","69","3","117.00"
"4625","625","76","1","130.00"
"4626","626","83","4","143.00"
"4627","627","90","2","156.00"
"4628","628","97","5","169.00"
"4629","629","4","3","182.00"
"4630","630","11","1","195.00"
"4631","631","18","4","208.00"
"4632","632","25","2","221.00"
"4633","633","32","5","234.00"
"4634","634","39","3","247.00"
"4635","635","46","1","260.00"
"4636","636","53","4","273.00"
"4637","637","60","2","286.00"
"4638","638","67","5","299.00"
"4639","639","74","3","312.00"
"4640","640","81","1","325.00"
"4641","641","88","4","338.00"
"4642","642","95","2","351.00"
"4643","643","2","5","364.00"
"4644","644","9","3","377.00"
"4645","645","16","1","390.00"
"4646","646","23","4","403.00"
"4647","647","30","2","416.00"
"4648","648","37","5","429.00"
"4649","649","44","3","442.00"
"4650","650","51","1","455.00"
"4651","651","58","4","468.00"
"4652","652","65","2","481.00"
"4653","653","72","5","494.00"
"4654","654","79","3","7.00"
"4655","655","86","1","20.00"
"4656","656","93","4","33.00"
"4657","657","100","2","46.00"
"4658","658","7","5","59.00"
"4659","659","14","3","72.00"
"4660","660","21","1","85.00"
"4661","661","28","4","98.00"
"4662","662","35","2","111.00"
"4663","663","42","5","124.00"
"4664","664","49","3","137.00"
"4665","665","56","1","150.00"
"4666","666","63","4","163.00"
"4667","667","70","2","176.00"
"4668","668","77","5","189.00"
"4669","669","84","3","202.00"
"4670","670","91","1","215.00"
"4671","671","98","4","228.00"
"4672","672","5","2","241.00"
"4673","673","12","5","254.00"
"4674","674","19","3","267.00"
"4675","675","26","1","280.00"
"4676","676","33","4","293.00"
"4677","677","40","2","306.00"
"4678","678","47","5","319.00"
"4679","679","54","3","332.00"
"4680","680","61","1","345.00"
"4681","681","68","4","358.00"
"4682","682","75","2","371.00"
"4683","683","82","5","384.00"
"4684","684","89","3","397.00"
"4685","685","96","1","410.00"
"4686","686","3","4","423.00"
"4687","687","10","2","436.00"
"4688","688","17","5","449.00"
"4689","689","24","3","462.00"
"4690","690","31","1","475.00"
"4691","691","38","4","488.00"
"4692","692","45","2","501.00"
"4693","693","52","5","14.00"
"4694","694","59","3","27.00"
"4695","695","66","1","40.00"
"4696","696","73","4","53.00"
"4697","697","80","2","66.00"
"4698","698","87","5","79.00"
"4699","699","94","3","92.00"
"4700","700","1","1","105.00"
"4701","701","8","4","118.00"
"4702","702","15","2","131.00"
"4703","703","22","5","144.00"
"4704","704","29","3","157.00"
"4705","705","36","1","170.00"
"4706","706","43","4","183.00"
"4707","707","50","2","196.00"
"4708","708","57","5","209.00"
"4709","709","64","3","222.00"
"4710","710","71","1","235.00"
"4711","711","78","4","248.00"
"4712","712","85","2","261.00"
"4713","713","92","5","274.00"
"4714","714","99","3","287.00"
"4715","715","6","1","300.00"
"4716","716","13","4","313.00"
"4717","717","20","2","326.00"
"4718","718","27","5","339.00"
"4719","719","34","3","352.00"
"4720","720","41","1","365.00"
"4721","721","48","4","378.00"
"4722","722","55","2","391.00"
"4723","723","62","5","404.00"
"4724","724","69","3","417.00"
"4725","725","76","1","430.00"
"4726","726","83","4","443.00"
"4727","727","90","2","456.00"
"4728","728","97","5","469.00"
"4729","729","4","3","482.00"
"4730","730","11","1","495.00"
"4731","731","18","4","8.00"
"4732","732","25","2","21.00"
"4733","733","32","5","34.00"
"4734","734","39","3","47.00"
"4735","735","46","1","60.00"
"4736","736","53","4","73.00"
"4737","737","60","2","86.00"
"4738","738","67","5","99.00"
"4739","739","74","3","112.00"
"4740","740","81","1","125.00"
"4741","741","88","4","138.00"
"4742","742","95","2","151.00"
"4743","743","2","5","164.00"
"4744","744","9","3","177.00"
"4745","745","16","1","190.00"
"4746","746","23","4","203.00"
"4747","747","30","2","216.00"
"4748","748","37","5","229.00"
"4749","749","44","3","242.00"
"4750","750","51","1","255.00"
"4751","751","58","4","268.00"
"4752","752","65","2","281.00"
"4753","753","72","5","294.00"
"4754","754","79","3","307.00"
"4755","755","86","1","320.00"
"4756","756","93","4","333.00"
"4757","757","100","2","346.00"
"4758","758","7","5","359.00"
"4759","759","14","3","372.00"
"4760","760","21","1","385.00"
"4761","761","28","4","398.00"
"4762","762","35","2","411.00"
"4763","763","42","5","424.00"
"4764","764","49","3","437.00"
"4765","765","56","1","450.00"
"4766","766","63","4","463.00"
"4767","767","70","2","476.00"
"4768","768","77","5","489.00"
"4769","769","84","3","502.00"
"4770","770","91","1","15.00"
"4771","771","98","4","28.00"
"4772","772","5","2","41.00"
"4773","773","12","5","54.00"
"4774","774","19","3","67.00"
"4775","775","26","1","80.00"
"4776","776","33","4","93.00"
"4777","777","40","2","106.00"
"4778","778","47","5","119.00"
"4779","779","54","3","132.00"
"4780","780","61","1","145.00"
"4781","781","68","4","158.00"
"4782","782","75","2","171.00"
"4783","783","82","5","184.00"
"4784","784","89","3","197.00"
"4785","785","96","1","210.00"
"4786","786","3","4","223.00"
"4787","787","10","2","236.00"
"4788","788","17","5","249.00"
"4789","789","24","3","262.00"
"4790","790","31","1","275.00"
"4791","791","38","4","288.00"
"4792","792","45","2","301.00"
"4793","793","52","5","314.00"
"4794","794","59","3","327.00"
"4795","795","66","1","340.00"
"4796","796","73","4","353.00"
"4797","797","80","2","366.00"
"4798","798","87","5","379.00"
"4799","799","94","3","392.00"
"4800","800","1","1","405.00"
"4801","801","8","4","418.00"
"4802","802","15","2","431.00"
"4803","803","22","5","444.00"
"4804","804","29","3","457.00"
"4805","805","36","1","470.00"
"4806","806","43","4","483.00"
"4807","807","50","2","496.00"
"4808","808","57","5","9.00"
"4809","809","64","3","22.00"
"4810","810","71","1","35.00"
"4811","811","78","4","48.00"
"4812","812","85","2","61.00"
"4813","813","92","5","74.00"
"4814","814","99","3","87.00"
"4815","815","6","1","100.00"
"4816","816","13","4","113.00"
"4817","817","20","2","126.00"
"4818","818","27","5","139.00"
"4819","819","34","3","152.00"
"4820","820","41","1","165.00"
"4821","821","48","4","178.00"
"4822","822","55","2","191.00"
"4823","823","62","5","204.00"
"4824","824","69","3","217.00"
"4825","825","76","1","230.00"
"4826","826","83","4","243.00"
"4827","827","90","2","256.00"
"4828","828","97","5","269.00"
"4829","829","4","3","282.00"
"4830","830","11","1","295.00"
"4831","831","18","4","308.00"
"4832","832","25","2","321.00"
"4833","833","32","5","334.00"
"4834","834","39","3","347.00"
"4835","835","46","1","360.00"
"4836","836","53","4","373.00"
"4837","837","60","2","386.00"
"4838","838","67","5","399.00"
"4839","839","74","3","412.00"
"4840","840","81","1","425.00"
"4841","841","88","4","438.00"
"4842","842","95","2","451.00"
"4843","843","2","5","464.00"
"4844","844","9","3","477.00"
"4845","845","16","1","490.00"
"4846","846","23","4","503.00"
"4847","847","30","2","16.00"
"4848","848","37","5","29.00"
"4849","849","44","3","42.00"
"4850","850","51","1","55.00"
"4851","851","58","4","68.00"
"4852","852","65","2","81.00"
"4853","853","72","5","94.00"
"4854","854","79","3","107.00"
"4855","855","86","1","120.00"
"4856","856","93","4","133.00"
"4857","857","100","2","146.00"
"4858","858","7","5","159.00"
"4859","859","14","3","172.00"
"4860","860","21","1","185.00"
"4861","861","28","4","198.00"
"4862","862","35","2","211.00"
"4863","863","42","5","224.00"
"4864","864","49","3","237.00"
"4865","865","56","1","250.00"
"4866","866","63","4","263.00"
"4867","867","70","2","276.00"
"4868","868","77","5","289.00"
"4869","869","84","3","302.00"
"4870","870","91","1","315.00"
"4871","871","98","4","328.00"
"4872","872","5","2","341.00"
"4873","873","12","5","354.00"
"4874","874","19","3","367.00"
"4875","875","26","1","380.00"
"4876","876","33","4","393.00"
"4877","877","40","2","406.00"
"4878","878","47","5","419.00"
"4879","879","54","3","432.00"
"4880","880","61","1","445.00"
"4881","881","68","4","458.00"
"4882","882","75","2","471.00"
"4883","883","82","5","484.00"
"4884","884","89","3","497.00"
"4885","885","96","1","10.00"
"4886","886","3","4","23.00"
"4887","887","10","2","36.00"
"4888","888","17","5","49.00"
"4889","889","24","3","62.00"
"4890","890","31","1","75.00"
"4891","891","38","4","88.00"
"4892","892","45","2","101.00"
"4893","893","52","5","114.00"
"4894","894","59","3","127.00"
"4895","895","66","1","140.00"
"4896","896","73","4","153.00"
"4897","897","80","2","166.00"
"4898","898","87","5","179.00"
"4899","899","94","3","192.00"
"4900","900","1","1","205.00"
"4901","901","8","4","218.00"
"4902","902","15","2","231.00"
"4903","903","22","5","244.00"
"4904","904","29","3","257.00"
"4905","905","36","1","270.00"
"4906","906","43","4","283.00"
"4907","907","50","2","296.00"
"4908","908","57","5","309.00"
"4909","909","64","3","322.00"
"4910","910","71","1","335.00"
"4911","911","78","4","348.00"
"4912","912","85","2","361.00"
"4913","913","92","5","374.00"
"4914","914","99","3","387.00"
"4915","915","6","1","400.00"
"4916","916","13","4","413.00"
"4917","917","20","2","426.00"
"4918","918","27","5","439.00"
"4919","919","34","3","452.00"
"4920","920","41","1","465.00"
"4921","921","48","4","478.00"
"4922","922","55","2","491.00"
"4923","923","62","5","504.00"
"4924","924","69","3","17.00"
"4925","925","76","1","30.00"
"4926","926","83","4","43.00"
"4927","927","90","2","56.00"
"4928","928","97","5","69.00"
"4929","929","4","3","82.00"
"4930","930","11","1","95.00"
"4931","931","18","4","108.00"
"4932","932","25","2","121.00"
"4933","933","32","5","134.00"
"4934","934","39","3","147.00"
"4935","935","46","1","160.00"
"4936","936","53","4","173.00"
"4937","937","60","2","186.00"
"4938","938","67","5","199.00"
"4939","939","74","3","212.00"
"4940","940","81","1","225.00"
"4941","941","88","4","238.00"
"4942","942","95","2","251.00"
"4943","943","2","5","264.00"
"4944","944","9","3","277.00"
"4945","945","16","1","290.00"
"4946","946","23","4","303.00"
"4947","947","30","2","316.00"
"4948","948","37","5","329.00"
"4949","949","44","3","342.00"
"4950","950","51","1","355.00"
"4951","951","58","4","368.00"
"4952","952","65","2","381.00"
"4953","953","72","5","394.00"
"4954","954","79","3","407.00"
"4955","955","86","1","420.00"
"4956","956","93","4","433.00"
"4957","957","100","2","446.00"
"4958","958","7","5","459.00"
"4959","959","14","3","472.00"
"4960","960","21","1","485.00"
"4961","961","28","4","498.00"
"4962","962","35","2","11.00"
"4963","963","42","5","24.00"
"4964","964","49","3","37.00"
"4965","965","56","1","50.00"
"4966","966","63","4","63.00"
"4967","967","70","2","76.00"
"4968","968","77","5","89.00"
"4969","969","84","3","102.00"
"4970","970","91","1","115.00"
"4971","971","98","4","128.00"
"4972","972","5","2","141.00"
"4973","973","12","5","154.00"
"4974","974","19","3","167.00"
"4975","975","26","1","180.00"
"4976","976","33","4","193.00"
"4977","977","40","2","206.00"
"4978","978","47","5","219.00"
"4979","979","54","3","232.00"
"4980","980","61","1","245.00"
"4981","981","68","4","258.00"
"4982","982","75","2","271.00"
"4983","983","82","5","284.00"
"4984","984","89","3","297.00"
"4985","985","96","1","310.00"
"4986","986","3","4","323.00"
"4987","987","10","2","336.00"
"4988","988","17","5","349.00"
"4989","989","24","3","362.00"
"4990","990","31","1","375.00"
"4991","991","38","4","388.00"
"4992","992","45","2","401.00"
"4993","993","52","5","414.00"
"4994","994","59","3","427.00"
"4995","995","66","1","440.00"
"4996","996","73","4","453.00"
"4997","997","80","2","466.00"
"4998","998","87","5","479.00"
"4999","999","94","3","492.00"
"5000","1000","1","1","5.00"
"5001","1001","8","4","18.00"
"5002","1002","15","2","31.00"
"5003","1003","22","5","44.00"
"5004","1004","29","3","57.00"
"5005","1005","36","1","70.00"
"5006","1006","43","4","83.00"
"5007","1007","50","2","96.00"
"5008","1008","57","5","109.00"
"5009","1009","64","3","122.00"
"5010","1010","71","1","135.00"
"5011","1011","78","4","148.00"
"5012","1012","85","2","161.00"
"5013","1013","92","5","174.00"
"5014","1014","99","3","187.00"
"5015","1015","6","1","200.00"
"5016","1016","13","4","213.00"
"5017","1017","20","2","226.00"
"5018","1018","27","5","239.00"
"5019","1019","34","3","252.00"
"5020","1020","41","1","265.00"
"5021","1021","48","4","278.00"
"5022","1022","55","2","291.00"
"5023","1023","62","5","304.00"
"5024","1024","69","3","317.00"
"5025","1025","76","1","330.00"
"5026","1026","83","4","343.00"
"5027","1027","90","2","356.00"
"5028","1028","97","5","369.00"
"5029","1029","4","3","382.00"
"5030","1030","11","1","395.00"
"5031","1031","18","4","408.00"
"5032","1032","25","2","421.00"
"5033","1033","32","5","434.00"
"5034","1034","39","3","447.00"
"5035","1035","46","1","460.00"
"5036","1036","53","4","473.00"
"5037","1037","60","2","486.00"
"5038","1038","67","5","499.00"
"5039","1039","74","3","12.00"
"5040","1040","81","1","25.00"
"5041","1041","88","4","38.00"
"5042","1042","95","2","51.00"
"5043","1043","2","5","64.00"
"5044","1044","9","3","77.00"
"5045","1045","16","1","90.00"
"5046","1046","23","4","103.00"
"5047","1047","30","2","116.00"
"5048","1048","37","5","129.00"
"5049","1049","44","3","142.00"
"5050","1050","51","1","155.00"
"5051","1051","58","4","168.00"
"5052","1052","65","2","181.00"
"5053","1053","72","5","194.00"
"5054","1054","79","3","207.00"
"5055","1055","86","1","220.00"
"5056","1056","93","4","233.00"
"5057","1057","100","2","246.00"
"5058","1058","7","5","259.00"
"5059","1059","14","3","272.00"
"5060","1060","21","1","285.00"
"5061","1061","28","4","298.00"
"5062","1062","35","2","311.00"
"5063","1063","42","5","324.00"
"5064","1064","49","3","337.00"
"5065","1065","56","1","350.00"
"5066","1066","63","4","363.00"
"5067","1067","70","2","376.00"
"5068","1068","77","5","389.00"
"5069","1069","84","3","402.00"
"5070","1070","91","1","415.00"
"5071","1071","98","4","428.00"
"5072","1072","5","2","441.00"
"5073","1073","12","5","454.00"
"5074","1074","19","3","467.00"
"5075","1075","26","1","480.00"
"5076","1076","33","4","493.00"
"5077","1077","40","2","6.00"
"5078","1078","47","5","19.00"
"5079","1079","54","3","32.00"
"5080","1080","61","1","45.00"
"5081","1081","68","4","58.00"
"5082","1082","75","2","71.00"
"5083","1083","82","5","84.00"
"5084","1084","89","3","97.00"
"5085","1085","96","1","110.00"
"5086","1086","3","4","123.00"
"5087","1087","10","2","136.00"
"5088","1088","17","5","149.00"
"5089","1089","24","3","162.00"
"5090","1090","31","1","175.00"
"5091","1091","38","4","188.00"
"5092","1092","45","2","201.00"
"5093","1093","52","5","214.00"
"5094","1094","59","3","227.00"
"5095","1095","66","1","240.00"
"5096","1096","73","4","253.00"
"5097","1097","80","2","266.00"
"5098","1098","87","5","279.00"
"5099","1099","94","3","292.00"
"5100","1100","1","1","305.00"
"5101","1101","8","4","318.00"
"5102","1102","15","2","331.00"
"5103","1103","22","5","344.00"
"5104","1104","29","3","357.00"
"5105","1105","36","1","370.00"
"5106","1106","43","4","383.00"
"5107","1107","50","2","396.00"
"5108","1108","57","5","409.00"
"5109","1109","64","3","422.00"
"5110","1110","71","1","435.00"
"5111","1111","78","4","448.00"
"5112","1112","85","2","461.00"
"5113","1113","92","5","474.00"
"5114","1114","99","3","487.00"
"5115","1115","6","1","500.00"
"5116","1116","13","4","13.00"
"5117","1117","20","2","26.00"
"5118","1118","27","5","39.00"
"5119","1119","34","3","52.00"
"5120","1120","41","1","65.00"
"5121","1121","48","4","78.00"
"5122","1122","55","2","91.00"
"5123","1123","62","5","104.00"
"5124","1124","69","3","117.00"
"5125","1125","76","1","130.00"
"5126","1126","83","4","143.00"
"5127","1127","90","2","156.00"
"5128","1128","97","5","169.00"
"5129","1129","4","3","182.00"
"5130","1130","11","1","195.00"
"5131","1131","18","4","208.00"
"5132","1132","25","2","221.00"
"5133","1133","32","5","234.00"
"5134","1134","39","3","247.00"
"5135","1135","46","1","260.00"
"5136","1136","53","4","273.00"
"5137","1137","60","2","286.00"
"5138","1138","67","5","299.00"
"5139","1139","74","3","312.00"
"5140","1140","81","1","325.00"
"5141","1141","88","4","338.00"
"5142","1142","95","2","351.00"
"5143","1143","2","5","364.00"
"5144","1144","9","3","377.00"
"5145","1145","16","1","390.00"
"5146","1146","23","4","403.00"
"5147","1147","30","2","416.00"
"5148","1148","37","5","429.00"
"5149","1149","44","3","442.00"
"5150","1150","51","1","455.00"
"5151","1151","58","4","468.00"
"5152","1152","65","2","481.00"
"5153","1153","72","5","494.00"
"5154","1154","79","3","7.00"
"5155","1155","86","1","20.00"
"5156","1156","93","4","33.00"
"5157","1157","100","2","46.00"
"5158","1158","7","5","59.00"
"5159","1159","14","3","72.00"
"5160","1160","21","1","85.00"
"5161","1161","28","4","98.00"
"5162","1162","35","2","111.00"
"5163","1163","42","5","124.00"
"5164","1164","49","3","137.00"
"5165","1165","56","1","150.00"
"5166","1166","63","4","163.00"
"5167","1167","70","2","176.00"
"5168","1168","77","5","189.00"
"5169","1169","84","3","202.00"
"5170","1170","91","1","215.00"
"5171","1171","98","4","228.00"
"5172","1172","5","2","241.00"
"5173","1173","12","5","254.00"
"5174","1174","19","3","267.00"
"5175","1175","26","1","280.00"
"5176","1176","33","4","293.00"
"5177","1177","40","2","306.00"
"5178","1178","47","5","319.00"
"5179","1179","54","3","332.00"
"5180","1180","61","1","345.00"
"5181","1181","68","4","358.00"
"5182","1182","75","2","371.00"
"5183","1183","82","5","384.00"
"5184","1184","89","3","397.00"
"5185","1185","96","1","410.00"
"5186","1186","3","4","423.00"
"5187","1187","10","2","436.00"
"5188","1188","17","5","449.00"
"5189","1189","24","3","462.00"
"5190","1190","31","1","475.00"
"5191","1191","38","4","488.00"
"5192","1192","45","2","501.00"
"5193","1193","52","5","14.00"
"5194","1194","59","3","27.00"
"5195","1195","66","1","40.00"
"5196","1196","73","4","53.00"
"5197","1197","80","2","66.00"
"5198","1198","87","5","79.00"
"5199","1199","94","3","92.00"
"5200","1200","1","1","105.00"
"5201","1201","8","4","118.00"
"5202","1202","15","2","131.00"
"5203","1203","22","5","144.00"
"5204","1204","29","3","157.00"
"5205","1205","36","1","170.00"
"5206","1206","43","4","183.00"
"5207","1207","50","2","196.00"
"5208","1208","57","5","209.00"
"5209","1209","64","3","222.00"
"5210","1210","71","1","235.00"
"5211","1211","78","4","248.00"
"5212","1212","85","2","261.00"
"5213","1213","92","5","274.00"
"5214","1214","99","3","287.00"
"5215","1215","6","1","300.00"
"5216","1216","13","4","313.00"
"5217","1217","20","2","326.00"
"5218","1218","27","5","339.00"
"5219","1219","34","3","352.00"
"5220","1220","41","1","365.00"
"5221","1221","48","4","378.00"
"5222","1222","55","2","391.00"
"5223","1223","62","5","404.00"
"5224","1224","69","3","417.00"
"5225","1225","76","1","430.00"
"5226","1226","83","4","443.00"
"5227","1227","90","2","456.00"
"5228","1228","97","5","469.00"
"5229","1229","4","3","482.00"
"5230","1230","11","1","495.00"
"5231","1231","18","4","8.00"
"5232","1232","25","2","21.00"
"5233","1233","32","5","34.00"
"5234","1234","39","3","47.00"
"5235","1235","46","1","60.00"
"5236","1236","53","4","73.00"
"5237","1237","60","2","86.00"
"5238","1238","67","5","99.00"
"5239","1239","74","3","112.00"
"5240","1240","81","1","125.00"
"5241","1241","88","4","138.00"
"5242","1242","95","2","151.00"
"5243","1243","2","5","164.00"
"5244","1244","9","3","177.00"
"5245","1245","16","1","190.00"
"5246","1246","23","4","203.00"
"5247","1247","30","2","216.00"
"5248","1248","37","5","229.00"
"5249","1249","44","3","242.00"
"5250","1250","51","1","255.00"
"5251","1251","58","4","268.00"
"5252","1252","65","2","281.00"
"5253","1253","72","5","294.00"
"5254","1254","79","3","307.00"
"5255","1255","86","1","320.00"
"5256","1256","93","4","333.00"
"5257","1257","100","2","346.00"
"5258","1258","7","5","359.00"
"5259","1259","14","3","372.00"
"5260","1260","21","1","385.00"
"5261","1261","28","4","398.00"
"5262","1262","35","2","411.00"
"5263","1263","42","5","424.00"
"5264","1264","49","3","437.00"
"5265","1265","56","1","450.00"
"5266","1266","63","4","463.00"
"5267","1267","70","2","476.00"
"5268","1268","77","5","489.00"
"5269","1269","84","3","502.00"
"5270","1270","91","1","15.00"
"5271","1271","98","4","28.00"
"5272","1272","5","2","41.00"
"5273","1273","12","5","54.00"
"5274","1274","19","3","67.00"
"5275","1275","26","1","80.00"
"5276","1276","33","4","93.00"
"5277","1277","40","2","106.00"
"5278","1278","47","5","119.00"
"5279","1279","54","3","132.00"
"5280","1280","61","1","145.00"
"5281","1281","68","4","158.00"
"5282","1282","75","2","171.00"
"5283","1283","82","5","184.00"
"5284","1284","89","3","197.00"
"5285","1285","96","1","210.00"
"5286","1286","3","4","223.00"
"5287","1287","10","2","236.00"
"5288","1288","17","5","249.00"
"5289","1289","24","3","262.00"
"5290","1290","31","1","275.00"
"5291","1291","38","4","288.00"
"5292","1292","45","2","301.00"
"5293","1293","52","5","314.00"
"5294","1294","59","3","327.00"
"5295","1295","66","1","340.00"
"5296","1296","73","4","353.00"
"5297","1297","80","2","366.00"
"5298","1298","87","5","379.00"
"5299","1299","94","3","392.00"
"5300","1300","1","1","405.00"
"5301","1301","8","4","418.00"
"5302","1302","15","2","431.00"
"5303","1303","22","5","444.00"
"5304","1304","29","3","457.00"
"5305","1305","36","1","470.00"
"5306","1306","43","4","483.00"
"5307","1307","50","2","496.00"
"5308","1308","57","5","9.00"
"5309","1309","64","3","22.00"
"5310","1310","71","1","35.00"
"5311","1311","78","4","48.00"
"5312","1312","85","2","61.00"
"5313","1313","92","5","74.00"
"5314","1314","99","3","87.00"
"5315","1315","6","1","100.00"
"5316","1316","13","4","113.00"
"5317","1317","20","2","126.00"
"5318","1318","27","5","139.00"
"5319","1319","34","3","152.00"
"5320","1320","41","1","165.00"
"5321","1321","48","4","178.00"
"5322","1322","55","2","191.00"
"5323","1323","62","5","204.00"
"5324","1324","69","3","217.00"
"5325","1325","76","1","230.00"
"5326","1326","83","4","243.00"
"5327","1327","90","2","256.00"
"5328","1328","97","5","269.00"
"5329","1329","4","3","282.00"
"5330","1330","11","1","295.00"
"5331","1331","18","4","308.00"
"5332","1332","25","2","321.00"
"5333","1333","32","5","334.00"
"5334","1334","39","3","347.00"
"5335","1335","46","1","360.00"
"5336","1336","53","4","373.00"
"5337","1337","60","2","386.00"
"5338","1338","67","5","399.00"
"5339","1339","74","3","412.00"
"5340","1340","81","1","425.00"
"5341","1341","88","4","438.00"
"5342","1342","95","2","451.00"
"5343","1343","2","5","464.00"
"5344","1344","9","3","477.00"
"5345","1345","16","1","490.00"
"5346","1346","23","4","503.00"
"5347","1347","30","2","16.00"
"5348","1348","37","5","29.00"
"5349","1349","44","3","42.00"
"5350","1350","51","1","55.00"
"5351","1351","58","4","68.00"
"5352","1352","65","2","81.00"
"5353","1353","72","5","94.00"
"5354","1354","79","3","107.00"
"5355","1355","86","1","120.00"
"5356","1356","93","4","133.00"
"5357","1357","100","2","146.00"
"5358","1358","7","5","159.00"
"5359","1359","14","3","172.00"
"5360","1360","21","1","185.00"
"5361","1361","28","4","198.00"
"5362","1362","35","2","211.00"
"5363","1363","42","5","224.00"
"5364","1364","49","3","237.00"
"5365","1365","56","1","250.00"
"5366","1366","63","4","263.00"
"5367","1367","70","2","276.00"
"5368","1368","77","5","289.00"
"5369","1369","84","3","302.00"
"5370","1370","91","1","315.00"
"5371","1371","98","4","328.00"
"5372","1372","5","2","341.00"
"5373","1373","12","5","354.00"
"5374","1374","19","3","367.00"
"5375","1375","26","1","380.00"
"5376","1376","33","4","393.00"
"5377","1377","40","2","406.00"
"5378","1378","47","5","419.00"
"5379","1379","54","3","432.00"
"5380","1380","61","1","445.00"
"5381","1381","68","4","458.00"
"5382","1382","75","2","471.00"
"5383","1383","82","5","484.00"
"5384","1384","89","3","497.00"
"5385","1385","96","1","10.00"
"5386","1386","3","4","23.00"
"5387","1387","10","2","36.00"
"5388","1388","17","5","49.00"
"5389","1389","24","3","62.00"
"5390","1390","31","1","75.00"
"5391","1391","38","4","88.00"
"5392","1392","45","2","101.00"
"5393","1393","52","5","114.00"
"5394","1394","59","3","127.00"
"5395","1395","66","1","140.00"
"5396","1396","73","4","153.00"
"5397","1397","80","2","166.00"
"5398","1398","87","5","179.00"
"5399","1399","94","3","192.00"
"5400","1400","1","1","205.00"
"5401","1401","8","4","218.00"
"5402","1402","15","2","231.00"
"5403","1403","22","5","244.00"
"5404","1404","29","3","257.00"
"5405","1405","36","1","270.00"
"5406","1406","43","4","283.00"
"5407","1407","50","2","296.00"
"5408","1408","57","5","309.00"
"5409","1409","64","3","322.00"
"5410","1410","71","1","335.00"
"5411","1411","78","4","348.00"
"5412","1412","85","2","361.00"
"5413","1413","92","5","374.00"
"5414","1414","99","3","387.00"
"5415","1415","6","1","400.00"
"5416","1416","13","4","413.00"
"5417","1417","20","2","426.00"
"5418","1418","27","5","439.00"
"5419","1419","34","3","452.00"
"5420","1420","41","1","465.00"
"5421","1421","48","4","478.00"
"5422","1422","55","2","491.00"
"5423","1423","62","5","504.00"
"5424","1424","69","3","17.00"
"5425","1425","76","1","30.00"
"5426","1426","83","4","43.00"
"5427","1427","90","2","56.00"
"5428","1428","97","5","69.00"
"5429","1429","4","3","82.00"
"5430","1430","11","1","95.00"
"5431","1431","18","4","108.00"
"5432","1432","25","2","121.00"
"5433","1433","32","5","134.00"
"5434","1434","39","3","147.00"
"5435","1435","46","1","160.00"
"5436","1436","53","4","173.00"
"5437","1437","60","2","186.00"
"5438","1438","67","5","199.00"
"5439","1439","74","3","212.00"
"5440","1440","81","1","225.00"
"5441","1441","88","4","238.00"
"5442","1442","95","2","251.00"
"5443","1443","2","5","264.00"
"5444","1444","9","3","277.00"
"5445","1445","16","1","290.00"
"5446","1446","23","4","303.00"
"5447","1447","30","2","316.00"
"5448","1448","37","5","329.00"
"5449","1449","44","3","342.00"
"5450","1450","51","1","355.00"
"5451","1451","58","4","368.00"
"5452","1452","65","2","381.00"
"5453","1453","72","5","394.00"
"5454","1454","79","3","407.00"
"5455","1455","86","1","420.00"
"5456","1456","93","4","433.00"
"5457","1457","100","2","446.00"
"5458","1458","7","5","459.00"
"5459","1459","14","3","472.00"
"5460","1460","21","1","485.00"
"5461","1461","28","4","498.00"
"5462","1462","35","2","11.00"
"5463","1463","42","5","24.00"
"5464","1464","49","3","37.00"
"5465","1465","56","1","50.00"
"5466","1466","63","4","63.00"
"5467","1467","70","2","76.00"
"5468","1468","77","5","89.00"
"5469","1469","84","3","102.00"
"5470","1470","91","1","115.00"
"5471","1471","98","4","128.00"
"5472","1472","5","2","141.00"
"5473","1473","12","5","154.00"
"5474","1474","19","3","167.00"
"5475","1475","26","1","180.00"
"5476","1476","33","4","193.00"
"5477","1477","40","2","206.00"
"5478","1478","47","5","219.00"
"5479","1479","54","3","232.00"
"5480","1480","61","1","245.00"
"5481","1481","68","4","258.00"
"5482","1482","75","2","271.00"
"5483","1483","82","5","284.00"
"5484","1484","89","3","297.00"
"5485","1485","96","1","310.00"
"5486","1486","3","4","323.00"
"5487","1487","10","2","336.00"
"5488","1488","17","5","349.00"
"5489","1489","24","3","362.00"
"5490","1490","31","1","375.00"
"5491","1491","38","4","388.00"
"5492","1492","45","2","401.00"
"5493","1493","52","5","414.00"
"5494","1494","59","3","427.00"
"5495","1495","66","1","440.00"
"5496","1496","73","4","453.00"
"5497","1497","80","2","466.00"
"5498","1498","87","5","479.00"
"5499","1499","94","3","492.00"
"5500","1500","1","1","5.00"
"5501","1501","8","4","18.00"
"5502","1502","15","2","31.00"
"5503","1503","22","5","44.00"
"5504","1504","29","3","57.00"
"5505","1505","36","1","70.00"
"5506","1506","43","4","83.00"
"5507","1507","50","2","96.00"
"5508","1508","57","5","109.00"
"5509","1509","64","3","122.00"
"5510","1510","71","1","135.00"
"5511","1511","78","4","148.00"
"5512","1512","85","2","161.00"
"5513","1513","92","5","174.00"
"5514","1514","99","3","187.00"
"5515","1515","6","1","200.00"
"5516","1516","13","4","213.00"
"5517","1517","20","2","226.00"
"5518","1518","27","5","239.00"
"5519","1519","34","3","252.00"
"5520","1520","41","1","265.00"
"5521","1521","48","4","278.00"
"5522","1522","55","2","291.00"
"5523","1523","62","5","304.00"
"5524","1524","69","3","317.00"
"5525","1525","76","1","330.00"
"5526","1526","83","4","343.00"
"5527","1527","90","2","356.00"
"5528","1528","97","5","369.00"
"5529","1529","4","3","382.00"
"5530","1530","11","1","395.00"
"5531","1531","18","4","408.00"
"5532","1532","25","2","421.00"
"5533","1533","32","5","434.00"
"5534","1534","39","3","447.00"
"5535","1535","46","1","460.00"
"5536","1536","53","4","473.00"
"5537","1537","60","2","486.00"
"5538","1538","67","5","499.00"
"5539","1539","74","3","12.00"
"5540","1540","81","1","25.00"
"5541","1541","88","4","38.00"
"5542","1542","95","2","51.00"
"5543","1543","2","5","64.00"
"5544","1544","9","3","77.00"
"5545","1545","16","1","90.00"
"5546","1546","23","4","103.00"
"5547","1547","30","2","116.00"
"5548","1548","37","5","129.00"
"5549","1549","44","3","142.00"
"5550","1550","51","1","155.00"
"5551","1551","58","4","168.00"
"5552","1552","65","2","181.00"
"5553","1553","72","5","194.00"
"5554","1554","79","3","207.00"
"5555","1555","86","1","220.00"
"5556","1556","93","4","233.00"
"5557","1557","100","2","246.00"
"5558","1558","7","5","259.00"
"5559","1559","14","3","272.00"
"5560","1560","21","1","285.00"
"5561","1561","28","4","298.00"
"5562","1562","35","2","311.00"
"5563","1563","42","5","324.00"
"5564","1564","49","3","337.00"
"5565","1565","56","1","350.00"
"5566","1566","63","4","363.00"
"5567","1567","70","2","376.00"
"5568","1568","77","5","389.00"
"5569","1569","84","3","402.00"
"5570","1570","91","1","415.00"
"5571","1571","98","4","428.00"
"5572","1572","5","2","441.00"
"5573","1573","12","5","454.00"
"5574","1574","19","3","467.00"
"5575","1575","26","1","480.00"
"5576","1576","33","4","493.00"
"5577","1577","40","2","6.00"
"5578","1578","47","5","19.00"
"5579","1579","54","3","32.00"
"5580","1580","61","1","45.00"
"5581","1581","68","4","58.00"
"5582","1582","75","2","71.00"
"5583","1583","82","5","84.00"
"5584","1584","89","3","97.00"
"5585","1585","96","1","110.00"
"5586","1586","3","4","123.00"
"5587","1587","10","2","136.00"
"5588","1588","17","5","149.00"
"5589","1589","24","3","162.00"
"5590","1590","31","1","175.00"
"5591","1591","38","4","188.00"
"5592","1592","45","2","201.00"
"5593","1593","52","5","214.00"
"5594","1594","59","3","227.00"
"5595","1595","66","1","240.00"
"5596","1596","73","4","253.00"
"5597","1597","80","2","266.00"
"5598","1598","87","5","279.00"
"5599","1599","94","3","292.00"
"5600","1600","1","1","305.00"
"5601","1601","8","4","318.00"
"5602","1602","15","2","331.00"
"5603","1603","22","5","344.00"
"5604","1604","29","3","357.00"
"5605","1605","36","1","370.00"
"5606","1606","43","4","383.00"
"5607","1607","50","2","396.00"
"5608","1608","57","5","409.00"
"5609","1609","64","3","422.00"
"5610","1610","71","1","435.00"
"5611","1611","78","4","448.00"
"5612","1612","85","2","461.00"
"5613","1613","92","5","474.00"
"5614","1614","99","3","487.00"
"5615","1615","6","1","500.00"
"5616","1616","13","4","13.00"
"5617","1617","20","2","26.00"
"5618","1618","27","5","39.00"
"5619","1619","34","3","52.00"
"5620","1620","41","1","65.00"
"5621","1621","48","4","78.00"
"5622","1622","55","2","91.00"
"5623","1623","62","5","104.00"
"5624","1624","69","3","117.00"
"5625","1625","76","1","130.00"
"5626","1626","83","4","143.00"
"5627","1627","90","2","156.00"
"5628","1628","97","5","169.00"
"5629","1629","4","3","182.00"
"5630","1630","11","1","195.00"
"5631","1631","18","4","208.00"
"5632","1632","25","2","221.00"
"5633","1633","32","5","234.00"
"5634","1634","39","3","247.00"
"5635","1635","46","1","260.00"
"5636","1636","53","4","273.00"
"5637","1637","60","2","286.00"
"5638","1638","67","5","299.00"
"5639","1639","74","3","312.00"
"5640","1640","81","1","325.00"
"5641","1641","88","4","338.00"
"5642","1642","95","2","351.00"
"5643","1643","2","5","364.00"
"5644","1644","9","3","377.00"
"5645","1645","16","1","390.00"
"5646","1646","23","4","403.00"
"5647","1647","30","2","416.00"
"5648","1648","37","5","429.00"
"5649","1649","44","3","442.00"
"5650","1650","51","1","455.00"
"5651","1651","58","4","468.00"
"5652","1652","65","2","481.00"
"5653","1653","72","5","494.00"
"5654","1654","79","3","7.00"
"5655","1655","86","1","20.00"
"5656","1656","93","4","33.00"
"5657","1657","100","2","46.00"
"5658","1658","7","5","59.00"
"5659","1659","14","3","72.00"
"5660","1660","21","1","85.00"
"5661","1661","28","4","98.00"
"5662","1662","35","2","111.00"
"5663","1663","42","5","124.00"
"5664","1664","49","3","137.00"
"5665","1665","56","1","150.00"
"5666","1666","63","4","163.00"
"5667","1667","70","2","176.00"
"5668","1668","77","5","189.00"
"5669","1669","84","3","202.00"
"5670","1670","91","1","215.00"
"5671","1671","98","4","228.00"
"5672","1672","5","2","241.00"
"5673","1673","12","5","254.00"
"5674","1674","19","3","267.00"
"5675","1675","26","1","280.00"
"5676","1676","33","4","293.00"
"5677","1677","40","2","306.00"
"5678","1678","47","5","319.00"
"5679","1679","54","3","332.00"
"5680","1680","61","1","345.00"
"5681","1681","68","4","358.00"
"5682","1682","75","2","371.00"
"5683","1683","82","5","384.00"
"5684","1684","89","3","397.00"
"5685","1685","96","1","410.00"
"5686","1686","3","4","423.00"
"5687","1687","10","2","436.00"
"5688","1688","17","5","449.00"
"5689","1689","24","3","462.00"
"5690","1690","31","1","475.00"
"5691","1691","38","4","488.00"
"5692","1692","45","2","501.00"
"5693","1693","52","5","14.00"
"5694","1694","59","3","27.00"
"5695","1695","66","1","40.00"
"5696","1696","73","4","53.00"
"5697","1697","80","2","66.00"
"5698","1698","87","5","79.00"
"5699","1699","94","3","92.00"
"5700","1700","1","1","105.00"
"5701","1701","8","4","118.00"
"5702","1702","15","2","131.00"
"5703","1703","22","5","144.00"
"5704","1704","29","3","157.00"
"5705","1705","36","1","170.00"
"5706","1706","43","4","183.00"
"5707","1707","50","2","196.00"
"5708","1708","57","5","209.00"
"5709","1709","64","3","222.00"
"5710","1710","71","1","235.00"
"5711","1711","78","4","248.00"
"5712","1712","85","2","261.00"
"5713","1713","92","5","274.00"
"5714","1714","99","3","287.00"
"5715","1715","6","1","300.00"
"5716","1716","13","4","313.00"
"5717","1717","20","2","326.00"
"5718","1718","27","5","339.00"
"5719","1719","34","3","352.00"
"5720","1720","41","1","365.00"
"5721","1721","48","4","378.00"
"5722","1722","55","2","391.00"
"5723","1723","62","5","404.00"
"5724","1724","69","3","417.00"
"5725","1725","76","1","430.00"
"5726","1726","83","4","443.00"
"5727","1727","90","2","456.00"
"5728","1728","97","5","469.00"
"5729","1729","4","3","482.00"
"5730","1730","11","1","495.00"
"5731","1731","18","4","8.00"
"5732","1732","25","2","21.00"
"5733","1733","32","5","34.00"
"5734","1734","39","3","47.00"
"5735","1735","46","1","60.00"
"5736","1736","53","4","73.00"
"5737","1737","60","2","86.00"
"5738","1738","67","5","99.00"
"5739","1739","74","3","112.00"
"5740","1740","81","1","125.00"
"5741","1741","88","4","138.00"
"5742","1742","95","2","151.00"
"5743","1743","2","5","164.00"
"5744","1744","9","3","177.00"
"5745","1745","16","1","190.00"
"5746","1746","23","4","203.00"
"5747","1747","30","2","216.00"
"5748","1748","37","5","229.00"
"5749","1749","44","3","242.00"
"5750","1750","51","1","255.00"
"5751","1751","58","4","268.00"
"5752","1752","65","2","281.00"
"5753","1753","72","5","294.00"
"5754","1754","79","3","307.00"
"5755","1755","86","1","320.00"
"5756","1756","93","4","333.00"
"5757","1757","100","2","346.00"
"5758","1758","7","5","359.00"
"5759","1759","14","3","372.00"
"5760","1760","21","1","385.00"
"5761","1761","28","4","398.00"
"5762","1762","35","2","411.00"
"5763","1763","42","5","424.00"
"5764","1764","49","3","437.00"
"5765","1765","56","1","450.00"
"5766","1766","63","4","463.00"
"5767","1767","70","2","476.00"
"5768","1768","77","5","489.00"
"5769","1769","84","3","502.00"
"5770","1770","91","1","15.00"
"5771","1771","98","4","28.00"
"5772","1772","5","2","41.00"
"5773","1773","12","5","54.00"
"5774","1774","19","3","67.00"
"5775","1775","26","1","80.00"
"5776","1776","33","4","93.00"
"5777","1777","40","2","106.00"
"5778","1778","47","5","119.00"
"5779","1779","54","3","132.00"
"5780","1780","61","1","145.00"
"5781","1781","68","4","158.00"
"5782","1782","75","2","171.00"
"5783","1783","82","5","184.00"
"5784","1784","89","3","197.00"
"5785","1785","96","1","210.00"
"5786","1786","3","4","223.00"
"5787","1787","10","2","236.00"
"5788","1788","17","5","249.00"
"5789","1789","24","3","262.00"
"5790","1790","31","1","275.00"
"5791","1791","38","4","288.00"
"5792","1792","45","2","301.00"
"5793","1793","52","5","314.00"
"5794","1794","59","3","327.00"
"5795","1795","66","1","340.00"
"5796","1796","73","4","353.00"
"5797","1797","80","2","366.00"
"5798","1798","87","5","379.00"
"5799","1799","94","3","392.00"
"5800","1800","1","1","405.00"
"5801","1801","8","4","418.00"
"5802","1802","15","2","431.00"
"5803","1803","22","5","444.00"
"5804","1804","29","3","457.00"
"5805","1805","36","1","470.00"
"5806","1806","43","4","483.00"
"5807","1807","50","2","496.00"
"5808","1808","57","5","9.00"
"5809","1809","64","3","22.00"
"5810","1810","71","1","35.00"
"5811","1811","78","4","48.00"
"5812","1812","85","2","61.00"
"5813","1813","92","5","74.00"
"5814","1814","99","3","87.00"
"5815","1815","6","1","100.00"
"5816","1816","13","4","113.00"
"5817","1817","20","2","126.00"
"5818","1818","27","5","139.00"
"5819","1819","34","3","152.00"
"5820","1820","41","1","165.00"
"5821","1821","48","4","178.00"
"5822","1822","55","2","191.00"
"5823","1823","62","5","204.00"
"5824","1824","69","3","217.00"
"5825","1825","76","1","230.00"
"5826","1826","83","4","243.00"
"5827","1827","90","2","256.00"
"5828","1828","97","5","269.00"
"5829","1829","4","3","282.00"
"5830","1830","11","1","295.00"
"5831","1831","18","4","308.00"
"5832","1832","25","2","321.00"
"5833","1833","32","5","334.00"
"5834","1834","39","3","347.00"
"5835","1835","46","1","360.00"
"5836","1836","53","4","373.00"
"5837","1837","60","2","386.00"
"5838","1838","67","5","399.00"
"5839","1839","74","3","412.00"
"5840","1840","81","1","425.00"
"5841","1841","88","4","438.00"
"5842","1842","95","2","451.00"
"5843","1843","2","5","464.00"
"5844","1844","9","3","477.00"
"5845","1845","16","1","490.00"
"5846","1846","23","4","503.00"
"5847","1847","30","2","16.00"
"5848","1848","37","5","29.00"
"5849","1849","44","3","42.00"
"5850","1850","51","1","55.00"
"5851","1851","58","4","68.00"
"5852","1852","65","2","81.00"
"5853","1853","72","5","94.00"
"5854","1854","79","3","107.00"
"5855","1855","86","1","120.00"
"5856","1856","93","4","133.00"
"5857","1857","100","2","146.00"
"5858","1858","7","5","159.00"
"5859","1859","14","3","172.00"
"5860","1860","21","1","185.00"
"5861","1861","28","4","198.00"
"5862","1862","35","2","211.00"
"5863","1863","42","5","224.00"
"5864","1864","49","3","237.00"
"5865","1865","56","1","250.00"
"5866","1866","63","4","263.00"
"5867","1867","70","2","276.00"
"5868","1868","77","5","289.00"
"5869","1869","84","3","302.00"
"5870","1870","91","1","315.00"
"5871","1871","98","4","328.00"
"5872","1872","5","2","341.00"
"5873","1873","12","5","354.00"
"5874","1874","19","3","367.00"
"5875","1875","26","1","380.00"
"5876","1876","33","4","393.00"
"5877","1877","40","2","406.00"
"5878","1878","47","5","419.00"
"5879","1879","54","3","432.00"
"5880","1880","61","1","445.00"
"5881","1881","68","4","458.00"
"5882","1882","75","2","471.00"
"5883","1883","82","5","484.00"
"5884","1884","89","3","497.00"
"5885","1885","96","1","10.00"
"5886","1886","3","4","23.00"
"5887","1887","10","2","36.00"
"5888","1888","17","5","49.00"
"5889","1889","24","3","62.00"
"5890","1890","31","1","75.00"
"5891","1891","38","4","88.00"
"5892","1892","45","2","101.00"
"5893","1893","52","5","114.00"
"5894","1894","59","3","127.00"
"5895","1895","66","1","140.00"
"5896","1896","73","4","153.00"
"5897","1897","80","2","166.00"
"5898","1898","87","5","179.00"
"5899","1899","94","3","192.00"
"5900","1900","1","1","205.00"
"5901","1901","8","4","218.00"
"5902","1902","15","2","231.00"
"5903","1903","22","5","244.00"
"5904","1904","29","3","257.00"
"5905","1905","36","1","270.00"
"5906","1906","43","4","283.00"
"5907","1907","50","2","296.00"
"5908","1908","57","5","309.00"
"5909","1909","64","3","322.00"
"5910","1910","71","1","335.00"
"5911","1911","78","4","348.00"
"5912","1912","85","2","361.00"
"5913","1913","92","5","374.00"
"5914","1914","99","3","387.00"
"5915","1915","6","1","400.00"
"5916","1916","13","4","413.00"
"5917","1917","20","2","426.00"
"5918","1918","27","5","439.00"
"5919","1919","34","3","452.00"
"5920","1920","41","1","465.00"
"5921","1921","48","4","478.00"
"5922","1922","55","2","491.00"
"5923","1923","62","5","504.00"
"5924","1924","69","3","17.00"
"5925","1925","76","1","30.00"
"5926","1926","83","4","43.00"
"5927","1927","90","2","56.00"
"5928","1928","97","5","69.00"
"5929","1929","4","3","82.00"
"5930","1930","11","1","95.00"
"5931","1931","18","4","108.00"
"5932","1932","25","2","121.00"
"5933","1933","32","5","134.00"
"5934","1934","39","3","147.00"
"5935","1935","46","1","160.00"
"5936","1936","53","4","173.00"
"5937","1937","60","2","186.00"
"5938","1938","67","5","199.00"
"5939","1939","74","3","212.00"
"5940","1940","81","1","225.00"
"5941","1941","88","4","238.00"
"5942","1942","95","2","251.00"
"5943","1943","2","5","264.00"
"5944","1944","9","3","277.00"
"5945","1945","16","1","290.00"
"5946","1946","23","4","303.00"
"5947","1947","30","2","316.00"
"5948","1948","37","5","329.00"
"5949","1949","44","3","342.00"
"5950","1950","51","1","355.00"
"5951","1951","58","4","368.00"
"5952","1952","65","2","381.00"
"5953","1953","72","5","394.00"
"5954","1954","79","3","407.00"
"5955","1955","86","1","420.00"
"5956","1956","93","4","433.00"
"5957","1957","100","2","446.00"
"5958","1958","7","5","459.00"
"5959","1959","14","3","472.00"
"5960","1960","21","1","485.00"
"5961","1961","28","4","498.00"
"5962","1962","35","2","11.00"
"5963","1963","42","5","24.00"
"5964","1964","49","3","37.00"
"5965","1965","56","1","50.00"
"5966","1966","63","4","63.00"
"5967","1967","70","2","76.00"
"5968","1968","77","5","89.00"
"5969","1969","84","3","102.00"
"5970","1970","91","1","115.00"
"5971","1971","98","4","128.00"
"5972","1972","5","2","141.00"
"5973","1973","12","5","154.00"
"5974","1974","19","3","167.00"
"5975","1975","26","1","180.00"
"5976","1976","33","4","193.00"
"5977","1977","40","2","206.00"
"5978","1978","47","5","219.00"
"5979","1979","54","3","232.00"
"5980","1980","61","1","245.00"
"5981","1981","68","4","258.00"
"5982","1982","75","2","271.00"
"5983","1983","82","5","284.00"
"5984","1984","89","3","297.00"
"5985","1985","96","1","310.00"
"5986","1986","3","4","323.00"
"5987","1987","10","2","336.00"
"5988","1988","17","5","349.00"
"5989","1989","24","3","362.00"
"5990","1990","31","1","375.00"
"5991","1991","38","4","388.00"
"5992","1992","45","2","401.00"
"5993","1993","52","5","414.00"
"5994","1994","59","3","427.00"
"5995","1995","66","1","440.00"
"5996","1996","73","4","453.00"
"5997","1997","80","2","466.00"
"5998","1998","87","5","479.00"
"5999","1999","94","3","492.00"
"6000","2000","1","1","5.00"
