"OrderID","CustomerID","OrderDate","TotalAmount","Status"
"1","1","05/25/2026 17:00:00","37.11","New"
"2","2","05/25/2026 10:00:00","54.22","Paid"
"3","3","05/25/2026 03:00:00","71.33","Shipped"
"4","4","05/24/2026 20:00:00","88.44","Cancelled"
"5","5","05/24/2026 13:00:00","105.55","New"
"6","6","05/24/2026 06:00:00","122.66","Paid"
"7","7","05/23/2026 23:00:00","139.77","Shipped"
"8","8","05/23/2026 16:00:00","156.88","Cancelled"
"9","9","05/23/2026 09:00:00","173.99","New"
"10","10","05/23/2026 02:00:00","190.10","Paid"
"11","11","05/22/2026 19:00:00","207.21","Shipped"
"12","12","05/22/2026 12:00:00","224.32","Cancelled"
"13","13","05/22/2026 05:00:00","241.43","New"
"14","14","05/21/2026 22:00:00","258.54","Paid"
"15","15","05/21/2026 15:00:00","275.65","Shipped"
"16","16","05/21/2026 08:00:00","292.76","Cancelled"
"17","17","05/21/2026 01:00:00","309.87","New"
"18","18","05/20/2026 18:00:00","326.98","Paid"
"19","19","05/20/2026 11:00:00","343.09","Shipped"
"20","20","05/20/2026 04:00:00","360.20","Cancelled"
"21","21","05/19/2026 21:00:00","377.31","New"
"22","22","05/19/2026 14:00:00","394.42","Paid"
"23","23","05/19/2026 07:00:00","411.53","Shipped"
"24","24","05/19/2026 00:00:00","428.64","Cancelled"
"25","25","05/18/2026 17:00:00","445.75","New"
"26","26","05/18/2026 10:00:00","462.86","Paid"
"27","27","05/18/2026 03:00:00","479.97","Shipped"
"28","28","05/17/2026 20:00:00","496.08","Cancelled"
"29","29","05/17/2026 13:00:00","513.19","New"
"30","30","05/17/2026 06:00:00","530.30","Paid"
"31","31","05/16/2026 23:00:00","547.41","Shipped"
"32","32","05/16/2026 16:00:00","564.52","Cancelled"
"33","33","05/16/2026 09:00:00","581.63","New"
"34","34","05/16/2026 02:00:00","598.74","Paid"
"35","35","05/15/2026 19:00:00","615.85","Shipped"
"36","36","05/15/2026 12:00:00","632.96","Cancelled"
"37","37","05/15/2026 05:00:00","649.07","New"
"38","38","05/14/2026 22:00:00","666.18","Paid"
"39","39","05/14/2026 15:00:00","683.29","Shipped"
"40","40","05/14/2026 08:00:00","700.40","Cancelled"
"41","41","05/14/2026 01:00:00","717.51","New"
"42","42","05/13/2026 18:00:00","734.62","Paid"
"43","43","05/13/2026 11:00:00","751.73","Shipped"
"44","44","05/13/2026 04:00:00","768.84","Cancelled"
"45","45","05/12/2026 21:00:00","785.95","New"
"46","46","05/12/2026 14:00:00","802.06","Paid"
"47","47","05/12/2026 07:00:00","819.17","Shipped"
"48","48","05/12/2026 00:00:00","836.28","Cancelled"
"49","49","05/11/2026 17:00:00","853.39","New"
"50","50","05/11/2026 10:00:00","870.50","Paid"
"51","51","05/11/2026 03:00:00","887.61","Shipped"
"52","52","05/10/2026 20:00:00","904.72","Cancelled"
"53","53","05/10/2026 13:00:00","921.83","New"
"54","54","05/10/2026 06:00:00","938.94","Paid"
"55","55","05/09/2026 23:00:00","955.05","Shipped"
"56","56","05/09/2026 16:00:00","972.16","Cancelled"
"57","57","05/09/2026 09:00:00","989.27","New"
"58","58","05/09/2026 02:00:00","1006.38","Paid"
"59","59","05/08/2026 19:00:00","1023.49","Shipped"
"60","60","05/08/2026 12:00:00","1040.60","Cancelled"
"61","61","05/08/2026 05:00:00","1057.71","New"
"62","62","05/07/2026 22:00:00","1074.82","Paid"
"63","63","05/07/2026 15:00:00","1091.93","Shipped"
"64","64","05/07/2026 08:00:00","1108.04","Cancelled"
"65","65","05/07/2026 01:00:00","1125.15","New"
"66","66","05/06/2026 18:00:00","1142.26","Paid"
"67","67","05/06/2026 11:00:00","1159.37","Shipped"
"68","68","05/06/2026 04:00:00","1176.48","Cancelled"
"69","69","05/05/2026 21:00:00","1193.59","New"
"70","70","05/05/2026 14:00:00","1210.70","Paid"
"71","71","05/05/2026 07:00:00","1227.81","Shipped"
"72","72","05/05/2026 00:00:00","1244.92","Cancelled"
"73","73","05/04/2026 17:00:00","1261.03","New"
"74","74","05/04/2026 10:00:00","1278.14","Paid"
"75","75","05/04/2026 03:00:00","1295.25","Shipped"
"76","76","05/03/2026 20:00:00","1312.36","Cancelled"
"77","77","05/03/2026 13:00:00","1329.47","New"
"78","78","05/03/2026 06:00:00","1346.58","Paid"
"79","79","05/02/2026 23:00:00","1363.69","Shipped"
"80","80","05/02/2026 16:00:00","1380.80","Cancelled"
"81","81","05/02/2026 09:00:00","1397.91","New"
"82","82","05/02/2026 02:00:00","1414.02","Paid"
"83","83","05/01/2026 19:00:00","1431.13","Shipped"
"84","84","05/01/2026 12:00:00","1448.24","Cancelled"
"85","85","05/01/2026 05:00:00","1465.35","New"
"86","86","04/30/2026 22:00:00","1482.46","Paid"
"87","87","04/30/2026 15:00:00","1499.57","Shipped"
"88","88","04/30/2026 08:00:00","1516.68","Cancelled"
"89","89","04/30/2026 01:00:00","1533.79","New"
"90","90","04/29/2026 18:00:00","1550.90","Paid"
"91","91","04/29/2026 11:00:00","1567.01","Shipped"
"92","92","04/29/2026 04:00:00","1584.12","Cancelled"
"93","93","04/28/2026 21:00:00","1601.23","New"
"94","94","04/28/2026 14:00:00","1618.34","Paid"
"95","95","04/28/2026 07:00:00","1635.45","Shipped"
"96","96","04/28/2026 00:00:00","1652.56","Cancelled"
"97","97","04/27/2026 17:00:00","1669.67","New"
"98","98","04/27/2026 10:00:00","1686.78","Paid"
"99","99","04/27/2026 03:00:00","1703.89","Shipped"
"100","100","04/26/2026 20:00:00","1720.00","Cancelled"
"101","101","04/26/2026 13:00:00","1737.11","New"
"102","102","04/26/2026 06:00:00","1754.22","Paid"
"103","103","04/25/2026 23:00:00","1771.33","Shipped"
"104","104","04/25/2026 16:00:00","1788.44","Cancelled"
"105","105","04/25/2026 09:00:00","1805.55","New"
"106","106","04/25/2026 02:00:00","1822.66","Paid"
"107","107","04/24/2026 19:00:00","1839.77","Shipped"
"108","108","04/24/2026 12:00:00","1856.88","Cancelled"
"109","109","04/24/2026 05:00:00","1873.99","New"
"110","110","04/23/2026 22:00:00","1890.10","Paid"
"111","111","04/23/2026 15:00:00","1907.21","Shipped"
"112","112","04/23/2026 08:00:00","1924.32","Cancelled"
"113","113","04/23/2026 01:00:00","1941.43","New"
"114","114","04/22/2026 18:00:00","1958.54","Paid"
"115","115","04/22/2026 11:00:00","1975.65","Shipped"
"116","116","04/22/2026 04:00:00","1992.76","Cancelled"
"117","117","04/21/2026 21:00:00","2009.87","New"
"118","118","04/21/2026 14:00:00","26.98","Paid"
"119","119","04/21/2026 07:00:00","43.09","Shipped"
"120","120","04/21/2026 00:00:00","60.20","Cancelled"
"121","121","04/20/2026 17:00:00","77.31","New"
"122","122","04/20/2026 10:00:00","94.42","Paid"
"123","123","04/20/2026 03:00:00","111.53","Shipped"
"124","124","04/19/2026 20:00:00","128.64","Cancelled"
"125","125","04/19/2026 13:00:00","145.75","New"
"126","126","04/19/2026 06:00:00","162.86","Paid"
"127","127","04/18/2026 23:00:00","179.97","Shipped"
"128","128","04/18/2026 16:00:00","196.08","Cancelled"
"129","129","04/18/2026 09:00:00","213.19","New"
"130","130","04/18/2026 02:00:00","230.30","Paid"
"131","131","04/17/2026 19:00:00","247.41","Shipped"
"132","132","04/17/2026 12:00:00","264.52","Cancelled"
"133","133","04/17/2026 05:00:00","281.63","New"
"134","134","04/16/2026 22:00:00","298.74","Paid"
"135","135","04/16/2026 15:00:00","315.85","Shipped"
"136","136","04/16/2026 08:00:00","332.96","Cancelled"
"137","137","04/16/2026 01:00:00","349.07","New"
"138","138","04/15/2026 18:00:00","366.18","Paid"
"139","139","04/15/2026 11:00:00","383.29","Shipped"
"140","140","04/15/2026 04:00:00","400.40","Cancelled"
"141","141","04/14/2026 21:00:00","417.51","New"
"142","142","04/14/2026 14:00:00","434.62","Paid"
"143","143","04/14/2026 07:00:00","451.73","Shipped"
"144","144","04/14/2026 00:00:00","468.84","Cancelled"
"145","145","04/13/2026 17:00:00","485.95","New"
"146","146","04/13/2026 10:00:00","502.06","Paid"
"147","147","04/13/2026 03:00:00","519.17","Shipped"
"148","148","04/12/2026 20:00:00","536.28","Cancelled"
"149","149","04/12/2026 13:00:00","553.39","New"
"150","150","04/12/2026 06:00:00","570.50","Paid"
"151","151","04/11/2026 23:00:00","587.61","Shipped"
"152","152","04/11/2026 16:00:00","604.72","Cancelled"
"153","153","04/11/2026 09:00:00","621.83","New"
"154","154","04/11/2026 02:00:00","638.94","Paid"
"155","155","04/10/2026 19:00:00","655.05","Shipped"
"156","156","04/10/2026 12:00:00","672.16","Cancelled"
"157","157","04/10/2026 05:00:00","689.27","New"
"158","158","04/09/2026 22:00:00","706.38","Paid"
"159","159","04/09/2026 15:00:00","723.49","Shipped"
"160","160","04/09/2026 08:00:00","740.60","Cancelled"
"161","161","04/09/2026 01:00:00","757.71","New"
"162","162","04/08/2026 18:00:00","774.82","Paid"
"163","163","04/08/2026 11:00:00","791.93","Shipped"
"164","164","04/08/2026 04:00:00","808.04","Cancelled"
"165","165","04/07/2026 21:00:00","825.15","New"
"166","166","04/07/2026 14:00:00","842.26","Paid"
"167","167","04/07/2026 07:00:00","859.37","Shipped"
"168","168","04/07/2026 00:00:00","876.48","Cancelled"
"169","169","04/06/2026 17:00:00","893.59","New"
"170","170","04/06/2026 10:00:00","910.70","Paid"
"171","171","04/06/2026 03:00:00","927.81","Shipped"
"172","172","04/05/2026 20:00:00","944.92","Cancelled"
"173","173","04/05/2026 13:00:00","961.03","New"
"174","174","04/05/2026 06:00:00","978.14","Paid"
"175","175","04/04/2026 23:00:00","995.25","Shipped"
"176","176","04/04/2026 16:00:00","1012.36","Cancelled"
"177","177","04/04/2026 09:00:00","1029.47","New"
"178","178","04/04/2026 02:00:00","1046.58","Paid"
"179","179","04/03/2026 19:00:00","1063.69","Shipped"
"180","180","04/03/2026 12:00:00","1080.80","Cancelled"
"181","181","04/03/2026 05:00:00","1097.91","New"
"182","182","04/02/2026 22:00:00","1114.02","Paid"
"183","183","04/02/2026 15:00:00","1131.13","Shipped"
"184","184","04/02/2026 08:00:00","1148.24","Cancelled"
"185","185","04/02/2026 01:00:00","1165.35","New"
"186","186","04/01/2026 18:00:00","1182.46","Paid"
"187","187","04/01/2026 11:00:00","1199.57","Shipped"
"188","188","04/01/2026 04:00:00","1216.68","Cancelled"
"189","189","03/31/2026 21:00:00","1233.79","New"
"190","190","03/31/2026 14:00:00","1250.90","Paid"
"191","191","03/31/2026 07:00:00","1267.01","Shipped"
"192","192","03/31/2026 00:00:00","1284.12","Cancelled"
"193","193","03/30/2026 17:00:00","1301.23","New"
"194","194","03/30/2026 10:00:00","1318.34","Paid"
"195","195","03/30/2026 03:00:00","1335.45","Shipped"
"196","196","03/29/2026 20:00:00","1352.56","Cancelled"
"197","197","03/29/2026 13:00:00","1369.67","New"
"198","198","03/29/2026 06:00:00","1386.78","Paid"
"199","199","03/28/2026 23:00:00","1403.89","Shipped"
"200","200","03/28/2026 16:00:00","1420.00","Cancelled"
"201","201","03/28/2026 09:00:00","1437.11","New"
"202","202","03/28/2026 02:00:00","1454.22","Paid"
"203","203","03/27/2026 19:00:00","1471.33","Shipped"
"204","204","03/27/2026 12:00:00","1488.44","Cancelled"
"205","205","03/27/2026 05:00:00","1505.55","New"
"206","206","03/26/2026 22:00:00","1522.66","Paid"
"207","207","03/26/2026 15:00:00","1539.77","Shipped"
"208","208","03/26/2026 08:00:00","1556.88","Cancelled"
"209","209","03/26/2026 01:00:00","1573.99","New"
"210","210","03/25/2026 18:00:00","1590.10","Paid"
"211","211","03/25/2026 11:00:00","1607.21","Shipped"
"212","212","03/25/2026 04:00:00","1624.32","Cancelled"
"213","213","03/24/2026 21:00:00","1641.43","New"
"214","214","03/24/2026 14:00:00","1658.54","Paid"
"215","215","03/24/2026 07:00:00","1675.65","Shipped"
"216","216","03/24/2026 00:00:00","1692.76","Cancelled"
"217","217","03/23/2026 17:00:00","1709.87","New"
"218","218","03/23/2026 10:00:00","1726.98","Paid"
"219","219","03/23/2026 03:00:00","1743.09","Shipped"
"220","220","03/22/2026 20:00:00","1760.20","Cancelled"
"221","221","03/22/2026 13:00:00","1777.31","New"
"222","222","03/22/2026 06:00:00","1794.42","Paid"
"223","223","03/21/2026 23:00:00","1811.53","Shipped"
"224","224","03/21/2026 16:00:00","1828.64","Cancelled"
"225","225","03/21/2026 09:00:00","1845.75","New"
"226","226","03/21/2026 02:00:00","1862.86","Paid"
"227","227","03/20/2026 19:00:00","1879.97","Shipped"
"228","228","03/20/2026 12:00:00","1896.08","Cancelled"
"229","229","03/20/2026 05:00:00","1913.19","New"
"230","230","03/19/2026 22:00:00","1930.30","Paid"
"231","231","03/19/2026 15:00:00","1947.41","Shipped"
"232","232","03/19/2026 08:00:00","1964.52","Cancelled"
"233","233","03/19/2026 01:00:00","1981.63","New"
"234","234","03/18/2026 18:00:00","1998.74","Paid"
"235","235","03/18/2026 11:00:00","2015.85","Shipped"
"236","236","03/18/2026 04:00:00","32.96","Cancelled"
"237","237","03/17/2026 21:00:00","49.07","New"
"238","238","03/17/2026 14:00:00","66.18","Paid"
"239","239","03/17/2026 07:00:00","83.29","Shipped"
"240","240","03/17/2026 00:00:00","100.40","Cancelled"
"241","241","03/16/2026 17:00:00","117.51","New"
"242","242","03/16/2026 10:00:00","134.62","Paid"
"243","243","03/16/2026 03:00:00","151.73","Shipped"
"244","244","03/15/2026 20:00:00","168.84","Cancelled"
"245","245","03/15/2026 13:00:00","185.95","New"
"246","246","03/15/2026 06:00:00","202.06","Paid"
"247","247","03/14/2026 23:00:00","219.17","Shipped"
"248","248","03/14/2026 16:00:00","236.28","Cancelled"
"249","249","03/14/2026 09:00:00","253.39","New"
"250","250","03/14/2026 02:00:00","270.50","Paid"
"251","251","03/13/2026 19:00:00","287.61","Shipped"
"252","252","03/13/2026 12:00:00","304.72","Cancelled"
"253","253","03/13/2026 05:00:00","321.83","New"
"254","254","03/12/2026 22:00:00","338.94","Paid"
"255","255","03/12/2026 15:00:00","355.05","Shipped"
"256","256","03/12/2026 08:00:00","372.16","Cancelled"
"257","257","03/12/2026 01:00:00","389.27","New"
"258","258","03/11/2026 18:00:00","406.38","Paid"
"259","259","03/11/2026 11:00:00","423.49","Shipped"
"260","260","03/11/2026 04:00:00","440.60","Cancelled"
"261","261","03/10/2026 21:00:00","457.71","New"
"262","262","03/10/2026 14:00:00","474.82","Paid"
"263","263","03/10/2026 07:00:00","491.93","Shipped"
"264","264","03/10/2026 00:00:00","508.04","Cancelled"
"265","265","03/09/2026 17:00:00","525.15","New"
"266","266","03/09/2026 10:00:00","542.26","Paid"
"267","267","03/09/2026 03:00:00","559.37","Shipped"
"268","268","03/08/2026 20:00:00","576.48","Cancelled"
"269","269","03/08/2026 13:00:00","593.59","New"
"270","270","03/08/2026 06:00:00","610.70","Paid"
"271","271","03/07/2026 23:00:00","627.81","Shipped"
"272","272","03/07/2026 16:00:00","644.92","Cancelled"
"273","273","03/07/2026 09:00:00","661.03","New"
"274","274","03/07/2026 02:00:00","678.14","Paid"
"275","275","03/06/2026 19:00:00","695.25","Shipped"
"276","276","03/06/2026 12:00:00","712.36","Cancelled"
"277","277","03/06/2026 05:00:00","729.47","New"
"278","278","03/05/2026 22:00:00","746.58","Paid"
"279","279","03/05/2026 15:00:00","763.69","Shipped"
"280","280","03/05/2026 08:00:00","780.80","Cancelled"
"281","281","03/05/2026 01:00:00","797.91","New"
"282","282","03/04/2026 18:00:00","814.02","Paid"
"283","283","03/04/2026 11:00:00","831.13","Shipped"
"284","284","03/04/2026 04:00:00","848.24","Cancelled"
"285","285","03/03/2026 21:00:00","865.35","New"
"286","286","03/03/2026 14:00:00","882.46","Paid"
"287","287","03/03/2026 07:00:00","899.57","Shipped"
"288","288","03/03/2026 00:00:00","916.68","Cancelled"
"289","289","03/02/2026 17:00:00","933.79","New"
"290","290","03/02/2026 10:00:00","950.90","Paid"
"291","291","03/02/2026 03:00:00","967.01","Shipped"
"292","292","03/01/2026 20:00:00","984.12","Cancelled"
"293","293","03/01/2026 13:00:00","1001.23","New"
"294","294","03/01/2026 06:00:00","1018.34","Paid"
"295","295","02/28/2026 23:00:00","1035.45","Shipped"
"296","296","02/28/2026 16:00:00","1052.56","Cancelled"
"297","297","02/28/2026 09:00:00","1069.67","New"
"298","298","02/28/2026 02:00:00","1086.78","Paid"
"299","299","02/27/2026 19:00:00","1103.89","Shipped"
"300","300","02/27/2026 12:00:00","1120.00","Cancelled"
"301","301","02/27/2026 05:00:00","1137.11","New"
"302","302","02/26/2026 22:00:00","1154.22","Paid"
"303","303","02/26/2026 15:00:00","1171.33","Shipped"
"304","304","02/26/2026 08:00:00","1188.44","Cancelled"
"305","305","02/26/2026 01:00:00","1205.55","New"
"306","306","02/25/2026 18:00:00","1222.66","Paid"
"307","307","02/25/2026 11:00:00","1239.77","Shipped"
"308","308","02/25/2026 04:00:00","1256.88","Cancelled"
"309","309","02/24/2026 21:00:00","1273.99","New"
"310","310","02/24/2026 14:00:00","1290.10","Paid"
"311","311","02/24/2026 07:00:00","1307.21","Shipped"
"312","312","02/24/2026 00:00:00","1324.32","Cancelled"
"313","313","02/23/2026 17:00:00","1341.43","New"
"314","314","02/23/2026 10:00:00","1358.54","Paid"
"315","315","02/23/2026 03:00:00","1375.65","Shipped"
"316","316","02/22/2026 20:00:00","1392.76","Cancelled"
"317","317","02/22/2026 13:00:00","1409.87","New"
"318","318","02/22/2026 06:00:00","1426.98","Paid"
"319","319","02/21/2026 23:00:00","1443.09","Shipped"
"320","320","02/21/2026 16:00:00","1460.20","Cancelled"
"321","321","02/21/2026 09:00:00","1477.31","New"
"322","322","02/21/2026 02:00:00","1494.42","Paid"
"323","323","02/20/2026 19:00:00","1511.53","Shipped"
"324","324","02/20/2026 12:00:00","1528.64","Cancelled"
"325","325","02/20/2026 05:00:00","1545.75","New"
"326","326","02/19/2026 22:00:00","1562.86","Paid"
"327","327","02/19/2026 15:00:00","1579.97","Shipped"
"328","328","02/19/2026 08:00:00","1596.08","Cancelled"
"329","329","02/19/2026 01:00:00","1613.19","New"
"330","330","02/18/2026 18:00:00","1630.30","Paid"
"331","331","02/18/2026 11:00:00","1647.41","Shipped"
"332","332","02/18/2026 04:00:00","1664.52","Cancelled"
"333","333","02/17/2026 21:00:00","1681.63","New"
"334","334","02/17/2026 14:00:00","1698.74","Paid"
"335","335","02/17/2026 07:00:00","1715.85","Shipped"
"336","336","02/17/2026 00:00:00","1732.96","Cancelled"
"337","337","02/16/2026 17:00:00","1749.07","New"
"338","338","02/16/2026 10:00:00","1766.18","Paid"
"339","339","02/16/2026 03:00:00","1783.29","Shipped"
"340","340","02/15/2026 20:00:00","1800.40","Cancelled"
"341","341","02/15/2026 13:00:00","1817.51","New"
"342","342","02/15/2026 06:00:00","1834.62","Paid"
"343","343","02/14/2026 23:00:00","1851.73","Shipped"
"344","344","02/14/2026 16:00:00","1868.84","Cancelled"
"345","345","02/14/2026 09:00:00","1885.95","New"
"346","346","02/14/2026 02:00:00","1902.06","Paid"
"347","347","02/13/2026 19:00:00","1919.17","Shipped"
"348","348","02/13/2026 12:00:00","1936.28","Cancelled"
"349","349","02/13/2026 05:00:00","1953.39","New"
"350","350","02/12/2026 22:00:00","1970.50","Paid"
"351","351","02/12/2026 15:00:00","1987.61","Shipped"
"352","352","02/12/2026 08:00:00","2004.72","Cancelled"
"353","353","02/12/2026 01:00:00","21.83","New"
"354","354","02/11/2026 18:00:00","38.94","Paid"
"355","355","02/11/2026 11:00:00","55.05","Shipped"
"356","356","02/11/2026 04:00:00","72.16","Cancelled"
"357","357","02/10/2026 21:00:00","89.27","New"
"358","358","02/10/2026 14:00:00","106.38","Paid"
"359","359","02/10/2026 07:00:00","123.49","Shipped"
"360","360","02/10/2026 00:00:00","140.60","Cancelled"
"361","361","02/09/2026 17:00:00","157.71","New"
"362","362","02/09/2026 10:00:00","174.82","Paid"
"363","363","02/09/2026 03:00:00","191.93","Shipped"
"364","364","02/08/2026 20:00:00","208.04","Cancelled"
"365","365","02/08/2026 13:00:00","225.15","New"
"366","366","02/08/2026 06:00:00","242.26","Paid"
"367","367","02/07/2026 23:00:00","259.37","Shipped"
"368","368","02/07/2026 16:00:00","276.48","Cancelled"
"369","369","02/07/2026 09:00:00","293.59","New"
"370","370","02/07/2026 02:00:00","310.70","Paid"
"371","371","02/06/2026 19:00:00","327.81","Shipped"
"372","372","02/06/2026 12:00:00","344.92","Cancelled"
"373","373","02/06/2026 05:00:00","361.03","New"
"374","374","02/05/2026 22:00:00","378.14","Paid"
"375","375","02/05/2026 15:00:00","395.25","Shipped"
"376","376","02/05/2026 08:00:00","412.36","Cancelled"
"377","377","02/05/2026 01:00:00","429.47","New"
"378","378","02/04/2026 18:00:00","446.58","Paid"
"379","379","02/04/2026 11:00:00","463.69","Shipped"
"380","380","02/04/2026 04:00:00","480.80","Cancelled"
"381","381","02/03/2026 21:00:00","497.91","New"
"382","382","02/03/2026 14:00:00","514.02","Paid"
"383","383","02/03/2026 07:00:00","531.13","Shipped"
"384","384","02/03/2026 00:00:00","548.24","Cancelled"
"385","385","02/02/2026 17:00:00","565.35","New"
"386","386","02/02/2026 10:00:00","582.46","Paid"
"387","387","02/02/2026 03:00:00","599.57","Shipped"
"388","388","02/01/2026 20:00:00","616.68","Cancelled"
"389","389","02/01/2026 13:00:00","633.79","New"
"390","390","02/01/2026 06:00:00","650.90","Paid"
"391","391","01/31/2026 23:00:00","667.01","Shipped"
"392","392","01/31/2026 16:00:00","684.12","Cancelled"
"393","393","01/31/2026 09:00:00","701.23","New"
"394","394","01/31/2026 02:00:00","718.34","Paid"
"395","395","01/30/2026 19:00:00","735.45","Shipped"
"396","396","01/30/2026 12:00:00","752.56","Cancelled"
"397","397","01/30/2026 05:00:00","769.67","New"
"398","398","01/29/2026 22:00:00","786.78","Paid"
"399","399","01/29/2026 15:00:00","803.89","Shipped"
"400","400","01/29/2026 08:00:00","820.00","Cancelled"
"401","401","01/29/2026 01:00:00","837.11","New"
"402","402","01/28/2026 18:00:00","854.22","Paid"
"403","403","01/28/2026 11:00:00","871.33","Shipped"
"404","404","01/28/2026 04:00:00","888.44","Cancelled"
"405","405","01/27/2026 21:00:00","905.55","New"
"406","406","01/27/2026 14:00:00","922.66","Paid"
"407","407","01/27/2026 07:00:00","939.77","Shipped"
"408","408","01/27/2026 00:00:00","956.88","Cancelled"
"409","409","01/26/2026 17:00:00","973.99","New"
"410","410","01/26/2026 10:00:00","990.10","Paid"
"411","411","01/26/2026 03:00:00","1007.21","Shipped"
"412","412","01/25/2026 20:00:00","1024.32","Cancelled"
"413","413","01/25/2026 13:00:00","1041.43","New"
"414","414","01/25/2026 06:00:00","1058.54","Paid"
"415","415","01/24/2026 23:00:00","1075.65","Shipped"
"416","416","01/24/2026 16:00:00","1092.76","Cancelled"
"417","417","01/24/2026 09:00:00","1109.87","New"
"418","418","01/24/2026 02:00:00","1126.98","Paid"
"419","419","01/23/2026 19:00:00","1143.09","Shipped"
"420","420","01/23/2026 12:00:00","1160.20","Cancelled"
"421","421","01/23/2026 05:00:00","1177.31","New"
"422","422","01/22/2026 22:00:00","1194.42","Paid"
"423","423","01/22/2026 15:00:00","1211.53","Shipped"
"424","424","01/22/2026 08:00:00","1228.64","Cancelled"
"425","425","01/22/2026 01:00:00","1245.75","New"
"426","426","01/21/2026 18:00:00","1262.86","Paid"
"427","427","01/21/2026 11:00:00","1279.97","Shipped"
"428","428","01/21/2026 04:00:00","1296.08","Cancelled"
"429","429","01/20/2026 21:00:00","1313.19","New"
"430","430","01/20/2026 14:00:00","1330.30","Paid"
"431","431","01/20/2026 07:00:00","1347.41","Shipped"
"432","432","01/20/2026 00:00:00","1364.52","Cancelled"
"433","433","01/19/2026 17:00:00","1381.63","New"
"434","434","01/19/2026 10:00:00","1398.74","Paid"
"435","435","01/19/2026 03:00:00","1415.85","Shipped"
"436","436","01/18/2026 20:00:00","1432.96","Cancelled"
"437","437","01/18/2026 13:00:00","1449.07","New"
"438","438","01/18/2026 06:00:00","1466.18","Paid"
"439","439","01/17/2026 23:00:00","1483.29","Shipped"
"440","440","01/17/2026 16:00:00","1500.40","Cancelled"
"441","441","01/17/2026 09:00:00","1517.51","New"
"442","442","01/17/2026 02:00:00","1534.62","Paid"
"443","443","01/16/2026 19:00:00","1551.73","Shipped"
"444","444","01/16/2026 12:00:00","1568.84","Cancelled"
"445","445","01/16/2026 05:00:00","1585.95","New"
"446","446","01/15/2026 22:00:00","1602.06","Paid"
"447","447","01/15/2026 15:00:00","1619.17","Shipped"
"448","448","01/15/2026 08:00:00","1636.28","Cancelled"
"449","449","01/15/2026 01:00:00","1653.39","New"
"450","450","01/14/2026 18:00:00","1670.50","Paid"
"451","451","01/14/2026 11:00:00","1687.61","Shipped"
"452","452","01/14/2026 04:00:00","1704.72","Cancelled"
"453","453","01/13/2026 21:00:00","1721.83","New"
"454","454","01/13/2026 14:00:00","1738.94","Paid"
"455","455","01/13/2026 07:00:00","1755.05","Shipped"
"456","456","01/13/2026 00:00:00","1772.16","Cancelled"
"457","457","01/12/2026 17:00:00","1789.27","New"
"458","458","01/12/2026 10:00:00","1806.38","Paid"
"459","459","01/12/2026 03:00:00","1823.49","Shipped"
"460","460","01/11/2026 20:00:00","1840.60","Cancelled"
"461","461","01/11/2026 13:00:00","1857.71","New"
"462","462","01/11/2026 06:00:00","1874.82","Paid"
"463","463","01/10/2026 23:00:00","1891.93","Shipped"
"464","464","01/10/2026 16:00:00","1908.04","Cancelled"
"465","465","01/10/2026 09:00:00","1925.15","New"
"466","466","01/10/2026 02:00:00","1942.26","Paid"
"467","467","01/09/2026 19:00:00","1959.37","Shipped"
"468","468","01/09/2026 12:00:00","1976.48","Cancelled"
"469","469","01/09/2026 05:00:00","1993.59","New"
"470","470","01/08/2026 22:00:00","2010.70","Paid"
"471","471","01/08/2026 15:00:00","27.81","Shipped"
"472","472","01/08/2026 08:00:00","44.92","Cancelled"
"473","473","01/08/2026 01:00:00","61.03","New"
"474","474","01/07/2026 18:00:00","78.14","Paid"
"475","475","01/07/2026 11:00:00","95.25","Shipped"
"476","476","01/07/2026 04:00:00","112.36","Cancelled"
"477","477","01/06/2026 21:00:00","129.47","New"
"478","478","01/06/2026 14:00:00","146.58","Paid"
"479","479","01/06/2026 07:00:00","163.69","Shipped"
"480","480","01/06/2026 00:00:00","180.80","Cancelled"
"481","481","01/05/2026 17:00:00","197.91","New"
"482","482","01/05/2026 10:00:00","214.02","Paid"
"483","483","01/05/2026 03:00:00","231.13","Shipped"
"484","484","01/04/2026 20:00:00","248.24","Cancelled"
"485","485","01/04/2026 13:00:00","265.35","New"
"486","486","01/04/2026 06:00:00","282.46","Paid"
"487","487","01/03/2026 23:00:00","299.57","Shipped"
"488","488","01/03/2026 16:00:00","316.68","Cancelled"
"489","489","01/03/2026 09:00:00","333.79","New"
"490","490","01/03/2026 02:00:00","350.90","Paid"
"491","491","01/02/2026 19:00:00","367.01","Shipped"
"492","492","01/02/2026 12:00:00","384.12","Cancelled"
"493","493","01/02/2026 05:00:00","401.23","New"
"494","494","01/01/2026 22:00:00","418.34","Paid"
"495","495","01/01/2026 15:00:00","435.45","Shipped"
"496","496","01/01/2026 08:00:00","452.56","Cancelled"
"497","497","01/01/2026 01:00:00","469.67","New"
"498","498","12/31/2025 18:00:00","486.78","Paid"
"499","499","12/31/2025 11:00:00","503.89","Shipped"
"500","500","12/31/2025 04:00:00","520.00","Cancelled"
"501","1","12/30/2025 21:00:00","537.11","New"
"502","2","12/30/2025 14:00:00","554.22","Paid"
"503","3","12/30/2025 07:00:00","571.33","Shipped"
"504","4","12/30/2025 00:00:00","588.44","Cancelled"
"505","5","12/29/2025 17:00:00","605.55","New"
"506","6","12/29/2025 10:00:00","622.66","Paid"
"507","7","12/29/2025 03:00:00","639.77","Shipped"
"508","8","12/28/2025 20:00:00","656.88","Cancelled"
"509","9","12/28/2025 13:00:00","673.99","New"
"510","10","12/28/2025 06:00:00","690.10","Paid"
"511","11","12/27/2025 23:00:00","707.21","Shipped"
"512","12","12/27/2025 16:00:00","724.32","Cancelled"
"513","13","12/27/2025 09:00:00","741.43","New"
"514","14","12/27/2025 02:00:00","758.54","Paid"
"515","15","12/26/2025 19:00:00","775.65","Shipped"
"516","16","12/26/2025 12:00:00","792.76","Cancelled"
"517","17","12/26/2025 05:00:00","809.87","New"
"518","18","12/25/2025 22:00:00","826.98","Paid"
"519","19","12/25/2025 15:00:00","843.09","Shipped"
"520","20","12/25/2025 08:00:00","860.20","Cancelled"
"521","21","12/25/2025 01:00:00","877.31","New"
"522","22","12/24/2025 18:00:00","894.42","Paid"
"523","23","12/24/2025 11:00:00","911.53","Shipped"
"524","24","12/24/2025 04:00:00","928.64","Cancelled"
"525","25","12/23/2025 21:00:00","945.75","New"
"526","26","12/23/2025 14:00:00","962.86","Paid"
"527","27","12/23/2025 07:00:00","979.97","Shipped"
"528","28","12/23/2025 00:00:00","996.08","Cancelled"
"529","29","12/22/2025 17:00:00","1013.19","New"
"530","30","12/22/2025 10:00:00","1030.30","Paid"
"531","31","12/22/2025 03:00:00","1047.41","Shipped"
"532","32","12/21/2025 20:00:00","1064.52","Cancelled"
"533","33","12/21/2025 13:00:00","1081.63","New"
"534","34","12/21/2025 06:00:00","1098.74","Paid"
"535","35","12/20/2025 23:00:00","1115.85","Shipped"
"536","36","12/20/2025 16:00:00","1132.96","Cancelled"
"537","37","12/20/2025 09:00:00","1149.07","New"
"538","38","12/20/2025 02:00:00","1166.18","Paid"
"539","39","12/19/2025 19:00:00","1183.29","Shipped"
"540","40","12/19/2025 12:00:00","1200.40","Cancelled"
"541","41","12/19/2025 05:00:00","1217.51","New"
"542","42","12/18/2025 22:00:00","1234.62","Paid"
"543","43","12/18/2025 15:00:00","1251.73","Shipped"
"544","44","12/18/2025 08:00:00","1268.84","Cancelled"
"545","45","12/18/2025 01:00:00","1285.95","New"
"546","46","12/17/2025 18:00:00","1302.06","Paid"
"547","47","12/17/2025 11:00:00","1319.17","Shipped"
"548","48","12/17/2025 04:00:00","1336.28","Cancelled"
"549","49","12/16/2025 21:00:00","1353.39","New"
"550","50","12/16/2025 14:00:00","1370.50","Paid"
"551","51","12/16/2025 07:00:00","1387.61","Shipped"
"552","52","12/16/2025 00:00:00","1404.72","Cancelled"
"553","53","12/15/2025 17:00:00","1421.83","New"
"554","54","12/15/2025 10:00:00","1438.94","Paid"
"555","55","12/15/2025 03:00:00","1455.05","Shipped"
"556","56","12/14/2025 20:00:00","1472.16","Cancelled"
"557","57","12/14/2025 13:00:00","1489.27","New"
"558","58","12/14/2025 06:00:00","1506.38","Paid"
"559","59","12/13/2025 23:00:00","1523.49","Shipped"
"560","60","12/13/2025 16:00:00","1540.60","Cancelled"
"561","61","12/13/2025 09:00:00","1557.71","New"
"562","62","12/13/2025 02:00:00","1574.82","Paid"
"563","63","12/12/2025 19:00:00","1591.93","Shipped"
"564","64","12/12/2025 12:00:00","1608.04","Cancelled"
"565","65","12/12/2025 05:00:00","1625.15","New"
"566","66","12/11/2025 22:00:00","1642.26","Paid"
"567","67","12/11/2025 15:00:00","1659.37","Shipped"
"568","68","12/11/2025 08:00:00","1676.48","Cancelled"
"569","69","12/11/2025 01:00:00","1693.59","New"
"570","70","12/10/2025 18:00:00","1710.70","Paid"
"571","71","12/10/2025 11:00:00","1727.81","Shipped"
"572","72","12/10/2025 04:00:00","1744.92","Cancelled"
"573","73","12/09/2025 21:00:00","1761.03","New"
"574","74","12/09/2025 14:00:00","1778.14","Paid"
"575","75","12/09/2025 07:00:00","1795.25","Shipped"
"576","76","12/09/2025 00:00:00","1812.36","Cancelled"
"577","77","12/08/2025 17:00:00","1829.47","New"
"578","78","12/08/2025 10:00:00","1846.58","Paid"
"579","79","12/08/2025 03:00:00","1863.69","Shipped"
"580","80","12/07/2025 20:00:00","1880.80","Cancelled"
"581","81","12/07/2025 13:00:00","1897.91","New"
"582","82","12/07/2025 06:00:00","1914.02","Paid"
"583","83","12/06/2025 23:00:00","1931.13","Shipped"
"584","84","12/06/2025 16:00:00","1948.24","Cancelled"
"585","85","12/06/2025 09:00:00","1965.35","New"
"586","86","12/06/2025 02:00:00","1982.46","Paid"
"587","87","12/05/2025 19:00:00","1999.57","Shipped"
"588","88","12/05/2025 12:00:00","2016.68","Cancelled"
"589","89","12/05/2025 05:00:00","33.79","New"
"590","90","12/04/2025 22:00:00","50.90","Paid"
"591","91","12/04/2025 15:00:00","67.01","Shipped"
"592","92","12/04/2025 08:00:00","84.12","Cancelled"
"593","93","12/04/2025 01:00:00","101.23","New"
"594","94","12/03/2025 18:00:00","118.34","Paid"
"595","95","12/03/2025 11:00:00","135.45","Shipped"
"596","96","12/03/2025 04:00:00","152.56","Cancelled"
"597","97","12/02/2025 21:00:00","169.67","New"
"598","98","12/02/2025 14:00:00","186.78","Paid"
"599","99","12/02/2025 07:00:00","203.89","Shipped"
"600","100","12/02/2025 00:00:00","220.00","Cancelled"
"601","101","12/01/2025 17:00:00","237.11","New"
"602","102","12/01/2025 10:00:00","254.22","Paid"
"603","103","12/01/2025 03:00:00","271.33","Shipped"
"604","104","11/30/2025 20:00:00","288.44","Cancelled"
"605","105","11/30/2025 13:00:00","305.55","New"
"606","106","11/30/2025 06:00:00","322.66","Paid"
"607","107","11/29/2025 23:00:00","339.77","Shipped"
"608","108","11/29/2025 16:00:00","356.88","Cancelled"
"609","109","11/29/2025 09:00:00","373.99","New"
"610","110","11/29/2025 02:00:00","390.10","Paid"
"611","111","11/28/2025 19:00:00","407.21","Shipped"
"612","112","11/28/2025 12:00:00","424.32","Cancelled"
"613","113","11/28/2025 05:00:00","441.43","New"
"614","114","11/27/2025 22:00:00","458.54","Paid"
"615","115","11/27/2025 15:00:00","475.65","Shipped"
"616","116","11/27/2025 08:00:00","492.76","Cancelled"
"617","117","11/27/2025 01:00:00","509.87","New"
"618","118","11/26/2025 18:00:00","526.98","Paid"
"619","119","11/26/2025 11:00:00","543.09","Shipped"
"620","120","11/26/2025 04:00:00","560.20","Cancelled"
"621","121","11/25/2025 21:00:00","577.31","New"
"622","122","11/25/2025 14:00:00","594.42","Paid"
"623","123","11/25/2025 07:00:00","611.53","Shipped"
"624","124","11/25/2025 00:00:00","628.64","Cancelled"
"625","125","11/24/2025 17:00:00","645.75","New"
"626","126","11/24/2025 10:00:00","662.86","Paid"
"627","127","11/24/2025 03:00:00","679.97","Shipped"
"628","128","11/23/2025 20:00:00","696.08","Cancelled"
"629","129","11/23/2025 13:00:00","713.19","New"
"630","130","11/23/2025 06:00:00","730.30","Paid"
"631","131","11/22/2025 23:00:00","747.41","Shipped"
"632","132","11/22/2025 16:00:00","764.52","Cancelled"
"633","133","11/22/2025 09:00:00","781.63","New"
"634","134","11/22/2025 02:00:00","798.74","Paid"
"635","135","11/21/2025 19:00:00","815.85","Shipped"
"636","136","11/21/2025 12:00:00","832.96","Cancelled"
"637","137","11/21/2025 05:00:00","849.07","New"
"638","138","11/20/2025 22:00:00","866.18","Paid"
"639","139","11/20/2025 15:00:00","883.29","Shipped"
"640","140","11/20/2025 08:00:00","900.40","Cancelled"
"641","141","11/20/2025 01:00:00","917.51","New"
"642","142","11/19/2025 18:00:00","934.62","Paid"
"643","143","11/19/2025 11:00:00","951.73","Shipped"
"644","144","11/19/2025 04:00:00","968.84","Cancelled"
"645","145","11/18/2025 21:00:00","985.95","New"
"646","146","11/18/2025 14:00:00","1002.06","Paid"
"647","147","11/18/2025 07:00:00","1019.17","Shipped"
"648","148","11/18/2025 00:00:00","1036.28","Cancelled"
"649","149","11/17/2025 17:00:00","1053.39","New"
"650","150","11/17/2025 10:00:00","1070.50","Paid"
"651","151","11/17/2025 03:00:00","1087.61","Shipped"
"652","152","11/16/2025 20:00:00","1104.72","Cancelled"
"653","153","11/16/2025 13:00:00","1121.83","New"
"654","154","11/16/2025 06:00:00","1138.94","Paid"
"655","155","11/15/2025 23:00:00","1155.05","Shipped"
"656","156","11/15/2025 16:00:00","1172.16","Cancelled"
"657","157","11/15/2025 09:00:00","1189.27","New"
"658","158","11/15/2025 02:00:00","1206.38","Paid"
"659","159","11/14/2025 19:00:00","1223.49","Shipped"
"660","160","11/14/2025 12:00:00","1240.60","Cancelled"
"661","161","11/14/2025 05:00:00","1257.71","New"
"662","162","11/13/2025 22:00:00","1274.82","Paid"
"663","163","11/13/2025 15:00:00","1291.93","Shipped"
"664","164","11/13/2025 08:00:00","1308.04","Cancelled"
"665","165","11/13/2025 01:00:00","1325.15","New"
"666","166","11/12/2025 18:00:00","1342.26","Paid"
"667","167","11/12/2025 11:00:00","1359.37","Shipped"
"668","168","11/12/2025 04:00:00","1376.48","Cancelled"
"669","169","11/11/2025 21:00:00","1393.59","New"
"670","170","11/11/2025 14:00:00","1410.70","Paid"
"671","171","11/11/2025 07:00:00","1427.81","Shipped"
"672","172","11/11/2025 00:00:00","1444.92","Cancelled"
"673","173","11/10/2025 17:00:00","1461.03","New"
"674","174","11/10/2025 10:00:00","1478.14","Paid"
"675","175","11/10/2025 03:00:00","1495.25","Shipped"
"676","176","11/09/2025 20:00:00","1512.36","Cancelled"
"677","177","11/09/2025 13:00:00","1529.47","New"
"678","178","11/09/2025 06:00:00","1546.58","Paid"
"679","179","11/08/2025 23:00:00","1563.69","Shipped"
"680","180","11/08/2025 16:00:00","1580.80","Cancelled"
"681","181","11/08/2025 09:00:00","1597.91","New"
"682","182","11/08/2025 02:00:00","1614.02","Paid"
"683","183","11/07/2025 19:00:00","1631.13","Shipped"
"684","184","11/07/2025 12:00:00","1648.24","Cancelled"
"685","185","11/07/2025 05:00:00","1665.35","New"
"686","186","11/06/2025 22:00:00","1682.46","Paid"
"687","187","11/06/2025 15:00:00","1699.57","Shipped"
"688","188","11/06/2025 08:00:00","1716.68","Cancelled"
"689","189","11/06/2025 01:00:00","1733.79","New"
"690","190","11/05/2025 18:00:00","1750.90","Paid"
"691","191","11/05/2025 11:00:00","1767.01","Shipped"
"692","192","11/05/2025 04:00:00","1784.12","Cancelled"
"693","193","11/04/2025 21:00:00","1801.23","New"
"694","194","11/04/2025 14:00:00","1818.34","Paid"
"695","195","11/04/2025 07:00:00","1835.45","Shipped"
"696","196","11/04/2025 00:00:00","1852.56","Cancelled"
"697","197","11/03/2025 17:00:00","1869.67","New"
"698","198","11/03/2025 10:00:00","1886.78","Paid"
"699","199","11/03/2025 03:00:00","1903.89","Shipped"
"700","200","11/02/2025 20:00:00","1920.00","Cancelled"
"701","201","11/02/2025 13:00:00","1937.11","New"
"702","202","11/02/2025 06:00:00","1954.22","Paid"
"703","203","11/01/2025 23:00:00","1971.33","Shipped"
"704","204","11/01/2025 16:00:00","1988.44","Cancelled"
"705","205","11/01/2025 09:00:00","2005.55","New"
"706","206","11/01/2025 02:00:00","22.66","Paid"
"707","207","10/31/2025 19:00:00","39.77","Shipped"
"708","208","10/31/2025 12:00:00","56.88","Cancelled"
"709","209","10/31/2025 05:00:00","73.99","New"
"710","210","10/30/2025 22:00:00","90.10","Paid"
"711","211","10/30/2025 15:00:00","107.21","Shipped"
"712","212","10/30/2025 08:00:00","124.32","Cancelled"
"713","213","10/30/2025 01:00:00","141.43","New"
"714","214","10/29/2025 18:00:00","158.54","Paid"
"715","215","10/29/2025 11:00:00","175.65","Shipped"
"716","216","10/29/2025 04:00:00","192.76","Cancelled"
"717","217","10/28/2025 21:00:00","209.87","New"
"718","218","10/28/2025 14:00:00","226.98","Paid"
"719","219","10/28/2025 07:00:00","243.09","Shipped"
"720","220","10/28/2025 00:00:00","260.20","Cancelled"
"721","221","10/27/2025 17:00:00","277.31","New"
"722","222","10/27/2025 10:00:00","294.42","Paid"
"723","223","10/27/2025 03:00:00","311.53","Shipped"
"724","224","10/26/2025 20:00:00","328.64","Cancelled"
"725","225","10/26/2025 13:00:00","345.75","New"
"726","226","10/26/2025 06:00:00","362.86","Paid"
"727","227","10/25/2025 23:00:00","379.97","Shipped"
"728","228","10/25/2025 16:00:00","396.08","Cancelled"
"729","229","10/25/2025 09:00:00","413.19","New"
"730","230","10/25/2025 02:00:00","430.30","Paid"
"731","231","10/24/2025 19:00:00","447.41","Shipped"
"732","232","10/24/2025 12:00:00","464.52","Cancelled"
"733","233","10/24/2025 05:00:00","481.63","New"
"734","234","10/23/2025 22:00:00","498.74","Paid"
"735","235","10/23/2025 15:00:00","515.85","Shipped"
"736","236","10/23/2025 08:00:00","532.96","Cancelled"
"737","237","10/23/2025 01:00:00","549.07","New"
"738","238","10/22/2025 18:00:00","566.18","Paid"
"739","239","10/22/2025 11:00:00","583.29","Shipped"
"740","240","10/22/2025 04:00:00","600.40","Cancelled"
"741","241","10/21/2025 21:00:00","617.51","New"
"742","242","10/21/2025 14:00:00","634.62","Paid"
"743","243","10/21/2025 07:00:00","651.73","Shipped"
"744","244","10/21/2025 00:00:00","668.84","Cancelled"
"745","245","10/20/2025 17:00:00","685.95","New"
"746","246","10/20/2025 10:00:00","702.06","Paid"
"747","247","10/20/2025 03:00:00","719.17","Shipped"
"748","248","10/19/2025 20:00:00","736.28","Cancelled"
"749","249","10/19/2025 13:00:00","753.39","New"
"750","250","10/19/2025 06:00:00","770.50","Paid"
"751","251","10/18/2025 23:00:00","787.61","Shipped"
"752","252","10/18/2025 16:00:00","804.72","Cancelled"
"753","253","10/18/2025 09:00:00","821.83","New"
"754","254","10/18/2025 02:00:00","838.94","Paid"
"755","255","10/17/2025 19:00:00","855.05","Shipped"
"756","256","10/17/2025 12:00:00","872.16","Cancelled"
"757","257","10/17/2025 05:00:00","889.27","New"
"758","258","10/16/2025 22:00:00","906.38","Paid"
"759","259","10/16/2025 15:00:00","923.49","Shipped"
"760","260","10/16/2025 08:00:00","940.60","Cancelled"
"761","261","10/16/2025 01:00:00","957.71","New"
"762","262","10/15/2025 18:00:00","974.82","Paid"
"763","263","10/15/2025 11:00:00","991.93","Shipped"
"764","264","10/15/2025 04:00:00","1008.04","Cancelled"
"765","265","10/14/2025 21:00:00","1025.15","New"
"766","266","10/14/2025 14:00:00","1042.26","Paid"
"767","267","10/14/2025 07:00:00","1059.37","Shipped"
"768","268","10/14/2025 00:00:00","1076.48","Cancelled"
"769","269","10/13/2025 17:00:00","1093.59","New"
"770","270","10/13/2025 10:00:00","1110.70","Paid"
"771","271","10/13/2025 03:00:00","1127.81","Shipped"
"772","272","10/12/2025 20:00:00","1144.92","Cancelled"
"773","273","10/12/2025 13:00:00","1161.03","New"
"774","274","10/12/2025 06:00:00","1178.14","Paid"
"775","275","10/11/2025 23:00:00","1195.25","Shipped"
"776","276","10/11/2025 16:00:00","1212.36","Cancelled"
"777","277","10/11/2025 09:00:00","1229.47","New"
"778","278","10/11/2025 02:00:00","1246.58","Paid"
"779","279","10/10/2025 19:00:00","1263.69","Shipped"
"780","280","10/10/2025 12:00:00","1280.80","Cancelled"
"781","281","10/10/2025 05:00:00","1297.91","New"
"782","282","10/09/2025 22:00:00","1314.02","Paid"
"783","283","10/09/2025 15:00:00","1331.13","Shipped"
"784","284","10/09/2025 08:00:00","1348.24","Cancelled"
"785","285","10/09/2025 01:00:00","1365.35","New"
"786","286","10/08/2025 18:00:00","1382.46","Paid"
"787","287","10/08/2025 11:00:00","1399.57","Shipped"
"788","288","10/08/2025 04:00:00","1416.68","Cancelled"
"789","289","10/07/2025 21:00:00","1433.79","New"
"790","290","10/07/2025 14:00:00","1450.90","Paid"
"791","291","10/07/2025 07:00:00","1467.01","Shipped"
"792","292","10/07/2025 00:00:00","1484.12","Cancelled"
"793","293","10/06/2025 17:00:00","1501.23","New"
"794","294","10/06/2025 10:00:00","1518.34","Paid"
"795","295","10/06/2025 03:00:00","1535.45","Shipped"
"796","296","10/05/2025 20:00:00","1552.56","Cancelled"
"797","297","10/05/2025 13:00:00","1569.67","New"
"798","298","10/05/2025 06:00:00","1586.78","Paid"
"799","299","10/04/2025 23:00:00","1603.89","Shipped"
"800","300","10/04/2025 16:00:00","1620.00","Cancelled"
"801","301","10/04/2025 09:00:00","1637.11","New"
"802","302","10/04/2025 02:00:00","1654.22","Paid"
"803","303","10/03/2025 19:00:00","1671.33","Shipped"
"804","304","10/03/2025 12:00:00","1688.44","Cancelled"
"805","305","10/03/2025 05:00:00","1705.55","New"
"806","306","10/02/2025 22:00:00","1722.66","Paid"
"807","307","10/02/2025 15:00:00","1739.77","Shipped"
"808","308","10/02/2025 08:00:00","1756.88","Cancelled"
"809","309","10/02/2025 01:00:00","1773.99","New"
"810","310","10/01/2025 18:00:00","1790.10","Paid"
"811","311","10/01/2025 11:00:00","1807.21","Shipped"
"812","312","10/01/2025 04:00:00","1824.32","Cancelled"
"813","313","09/30/2025 21:00:00","1841.43","New"
"814","314","09/30/2025 14:00:00","1858.54","Paid"
"815","315","09/30/2025 07:00:00","1875.65","Shipped"
"816","316","09/30/2025 00:00:00","1892.76","Cancelled"
"817","317","09/29/2025 17:00:00","1909.87","New"
"818","318","09/29/2025 10:00:00","1926.98","Paid"
"819","319","09/29/2025 03:00:00","1943.09","Shipped"
"820","320","09/28/2025 20:00:00","1960.20","Cancelled"
"821","321","09/28/2025 13:00:00","1977.31","New"
"822","322","09/28/2025 06:00:00","1994.42","Paid"
"823","323","09/27/2025 23:00:00","2011.53","Shipped"
"824","324","09/27/2025 16:00:00","28.64","Cancelled"
"825","325","09/27/2025 09:00:00","45.75","New"
"826","326","09/27/2025 02:00:00","62.86","Paid"
"827","327","09/26/2025 19:00:00","79.97","Shipped"
"828","328","09/26/2025 12:00:00","96.08","Cancelled"
"829","329","09/26/2025 05:00:00","113.19","New"
"830","330","09/25/2025 22:00:00","130.30","Paid"
"831","331","09/25/2025 15:00:00","147.41","Shipped"
"832","332","09/25/2025 08:00:00","164.52","Cancelled"
"833","333","09/25/2025 01:00:00","181.63","New"
"834","334","09/24/2025 18:00:00","198.74","Paid"
"835","335","09/24/2025 11:00:00","215.85","Shipped"
"836","336","09/24/2025 04:00:00","232.96","Cancelled"
"837","337","09/23/2025 21:00:00","249.07","New"
"838","338","09/23/2025 14:00:00","266.18","Paid"
"839","339","09/23/2025 07:00:00","283.29","Shipped"
"840","340","09/23/2025 00:00:00","300.40","Cancelled"
"841","341","09/22/2025 17:00:00","317.51","New"
"842","342","09/22/2025 10:00:00","334.62","Paid"
"843","343","09/22/2025 03:00:00","351.73","Shipped"
"844","344","09/21/2025 20:00:00","368.84","Cancelled"
"845","345","09/21/2025 13:00:00","385.95","New"
"846","346","09/21/2025 06:00:00","402.06","Paid"
"847","347","09/20/2025 23:00:00","419.17","Shipped"
"848","348","09/20/2025 16:00:00","436.28","Cancelled"
"849","349","09/20/2025 09:00:00","453.39","New"
"850","350","09/20/2025 02:00:00","470.50","Paid"
"851","351","09/19/2025 19:00:00","487.61","Shipped"
"852","352","09/19/2025 12:00:00","504.72","Cancelled"
"853","353","09/19/2025 05:00:00","521.83","New"
"854","354","09/18/2025 22:00:00","538.94","Paid"
"855","355","09/18/2025 15:00:00","555.05","Shipped"
"856","356","09/18/2025 08:00:00","572.16","Cancelled"
"857","357","09/18/2025 01:00:00","589.27","New"
"858","358","09/17/2025 18:00:00","606.38","Paid"
"859","359","09/17/2025 11:00:00","623.49","Shipped"
"860","360","09/17/2025 04:00:00","640.60","Cancelled"
"861","361","09/16/2025 21:00:00","657.71","New"
"862","362","09/16/2025 14:00:00","674.82","Paid"
"863","363","09/16/2025 07:00:00","691.93","Shipped"
"864","364","09/16/2025 00:00:00","708.04","Cancelled"
"865","365","09/15/2025 17:00:00","725.15","New"
"866","366","09/15/2025 10:00:00","742.26","Paid"
"867","367","09/15/2025 03:00:00","759.37","Shipped"
"868","368","09/14/2025 20:00:00","776.48","Cancelled"
"869","369","09/14/2025 13:00:00","793.59","New"
"870","370","09/14/2025 06:00:00","810.70","Paid"
"871","371","09/13/2025 23:00:00","827.81","Shipped"
"872","372","09/13/2025 16:00:00","844.92","Cancelled"
"873","373","09/13/2025 09:00:00","861.03","New"
"874","374","09/13/2025 02:00:00","878.14","Paid"
"875","375","09/12/2025 19:00:00","895.25","Shipped"
"876","376","09/12/2025 12:00:00","912.36","Cancelled"
"877","377","09/12/2025 05:00:00","929.47","New"
"878","378","09/11/2025 22:00:00","946.58","Paid"
"879","379","09/11/2025 15:00:00","963.69","Shipped"
"880","380","09/11/2025 08:00:00","980.80","Cancelled"
"881","381","09/11/2025 01:00:00","997.91","New"
"882","382","09/10/2025 18:00:00","1014.02","Paid"
"883","383","09/10/2025 11:00:00","1031.13","Shipped"
"884","384","09/10/2025 04:00:00","1048.24","Cancelled"
"885","385","09/09/2025 21:00:00","1065.35","New"
"886","386","09/09/2025 14:00:00","1082.46","Paid"
"887","387","09/09/2025 07:00:00","1099.57","Shipped"
"888","388","09/09/2025 00:00:00","1116.68","Cancelled"
"889","389","09/08/2025 17:00:00","1133.79","New"
"890","390","09/08/2025 10:00:00","1150.90","Paid"
"891","391","09/08/2025 03:00:00","1167.01","Shipped"
"892","392","09/07/2025 20:00:00","1184.12","Cancelled"
"893","393","09/07/2025 13:00:00","1201.23","New"
"894","394","09/07/2025 06:00:00","1218.34","Paid"
"895","395","09/06/2025 23:00:00","1235.45","Shipped"
"896","396","09/06/2025 16:00:00","1252.56","Cancelled"
"897","397","09/06/2025 09:00:00","1269.67","New"
"898","398","09/06/2025 02:00:00","1286.78","Paid"
"899","399","09/05/2025 19:00:00","1303.89","Shipped"
"900","400","09/05/2025 12:00:00","1320.00","Cancelled"
"901","401","09/05/2025 05:00:00","1337.11","New"
"902","402","09/04/2025 22:00:00","1354.22","Paid"
"903","403","09/04/2025 15:00:00","1371.33","Shipped"
"904","404","09/04/2025 08:00:00","1388.44","Cancelled"
"905","405","09/04/2025 01:00:00","1405.55","New"
"906","406","09/03/2025 18:00:00","1422.66","Paid"
"907","407","09/03/2025 11:00:00","1439.77","Shipped"
"908","408","09/03/2025 04:00:00","1456.88","Cancelled"
"909","409","09/02/2025 21:00:00","1473.99","New"
"910","410","09/02/2025 14:00:00","1490.10","Paid"
"911","411","09/02/2025 07:00:00","1507.21","Shipped"
"912","412","09/02/2025 00:00:00","1524.32","Cancelled"
"913","413","09/01/2025 17:00:00","1541.43","New"
"914","414","09/01/2025 10:00:00","1558.54","Paid"
"915","415","09/01/2025 03:00:00","1575.65","Shipped"
"916","416","08/31/2025 20:00:00","1592.76","Cancelled"
"917","417","08/31/2025 13:00:00","1609.87","New"
"918","418","08/31/2025 06:00:00","1626.98","Paid"
"919","419","08/30/2025 23:00:00","1643.09","Shipped"
"920","420","08/30/2025 16:00:00","1660.20","Cancelled"
"921","421","08/30/2025 09:00:00","1677.31","New"
"922","422","08/30/2025 02:00:00","1694.42","Paid"
"923","423","08/29/2025 19:00:00","1711.53","Shipped"
"924","424","08/29/2025 12:00:00","1728.64","Cancelled"
"925","425","08/29/2025 05:00:00","1745.75","New"
"926","426","08/28/2025 22:00:00","1762.86","Paid"
"927","427","08/28/2025 15:00:00","1779.97","Shipped"
"928","428","08/28/2025 08:00:00","1796.08","Cancelled"
"929","429","08/28/2025 01:00:00","1813.19","New"
"930","430","08/27/2025 18:00:00","1830.30","Paid"
"931","431","08/27/2025 11:00:00","1847.41","Shipped"
"932","432","08/27/2025 04:00:00","1864.52","Cancelled"
"933","433","08/26/2025 21:00:00","1881.63","New"
"934","434","08/26/2025 14:00:00","1898.74","Paid"
"935","435","08/26/2025 07:00:00","1915.85","Shipped"
"936","436","08/26/2025 00:00:00","1932.96","Cancelled"
"937","437","08/25/2025 17:00:00","1949.07","New"
"938","438","08/25/2025 10:00:00","1966.18","Paid"
"939","439","08/25/2025 03:00:00","1983.29","Shipped"
"940","440","08/24/2025 20:00:00","2000.40","Cancelled"
"941","441","08/24/2025 13:00:00","2017.51","New"
"942","442","08/24/2025 06:00:00","34.62","Paid"
"943","443","08/23/2025 23:00:00","51.73","Shipped"
"944","444","08/23/2025 16:00:00","68.84","Cancelled"
"945","445","08/23/2025 09:00:00","85.95","New"
"946","446","08/23/2025 02:00:00","102.06","Paid"
"947","447","08/22/2025 19:00:00","119.17","Shipped"
"948","448","08/22/2025 12:00:00","136.28","Cancelled"
"949","449","08/22/2025 05:00:00","153.39","New"
"950","450","08/21/2025 22:00:00","170.50","Paid"
"951","451","08/21/2025 15:00:00","187.61","Shipped"
"952","452","08/21/2025 08:00:00","204.72","Cancelled"
"953","453","08/21/2025 01:00:00","221.83","New"
"954","454","08/20/2025 18:00:00","238.94","Paid"
"955","455","08/20/2025 11:00:00","255.05","Shipped"
"956","456","08/20/2025 04:00:00","272.16","Cancelled"
"957","457","08/19/2025 21:00:00","289.27","New"
"958","458","08/19/2025 14:00:00","306.38","Paid"
"959","459","08/19/2025 07:00:00","323.49","Shipped"
"960","460","08/19/2025 00:00:00","340.60","Cancelled"
"961","461","08/18/2025 17:00:00","357.71","New"
"962","462","08/18/2025 10:00:00","374.82","Paid"
"963","463","08/18/2025 03:00:00","391.93","Shipped"
"964","464","08/17/2025 20:00:00","408.04","Cancelled"
"965","465","08/17/2025 13:00:00","425.15","New"
"966","466","08/17/2025 06:00:00","442.26","Paid"
"967","467","08/16/2025 23:00:00","459.37","Shipped"
"968","468","08/16/2025 16:00:00","476.48","Cancelled"
"969","469","08/16/2025 09:00:00","493.59","New"
"970","470","08/16/2025 02:00:00","510.70","Paid"
"971","471","08/15/2025 19:00:00","527.81","Shipped"
"972","472","08/15/2025 12:00:00","544.92","Cancelled"
"973","473","08/15/2025 05:00:00","561.03","New"
"974","474","08/14/2025 22:00:00","578.14","Paid"
"975","475","08/14/2025 15:00:00","595.25","Shipped"
"976","476","08/14/2025 08:00:00","612.36","Cancelled"
"977","477","08/14/2025 01:00:00","629.47","New"
"978","478","08/13/2025 18:00:00","646.58","Paid"
"979","479","08/13/2025 11:00:00","663.69","Shipped"
"980","480","08/13/2025 04:00:00","680.80","Cancelled"
"981","481","08/12/2025 21:00:00","697.91","New"
"982","482","08/12/2025 14:00:00","714.02","Paid"
"983","483","08/12/2025 07:00:00","731.13","Shipped"
"984","484","08/12/2025 00:00:00","748.24","Cancelled"
"985","485","08/11/2025 17:00:00","765.35","New"
"986","486","08/11/2025 10:00:00","782.46","Paid"
"987","487","08/11/2025 03:00:00","799.57","Shipped"
"988","488","08/10/2025 20:00:00","816.68","Cancelled"
"989","489","08/10/2025 13:00:00","833.79","New"
"990","490","08/10/2025 06:00:00","850.90","Paid"
"991","491","08/09/2025 23:00:00","867.01","Shipped"
"992","492","08/09/2025 16:00:00","884.12","Cancelled"
"993","493","08/09/2025 09:00:00","901.23","New"
"994","494","08/09/2025 02:00:00","918.34","Paid"
"995","495","08/08/2025 19:00:00","935.45","Shipped"
"996","496","08/08/2025 12:00:00","952.56","Cancelled"
"997","497","08/08/2025 05:00:00","969.67","New"
"998","498","08/07/2025 22:00:00","986.78","Paid"
"999","499","08/07/2025 15:00:00","1003.89","Shipped"
"1000","500","08/07/2025 08:00:00","1020.00","Cancelled"
"1001","1","08/07/2025 01:00:00","1037.11","New"
"1002","2","08/06/2025 18:00:00","1054.22","Paid"
"1003","3","08/06/2025 11:00:00","1071.33","Shipped"
"1004","4","08/06/2025 04:00:00","1088.44","Cancelled"
"1005","5","08/05/2025 21:00:00","1105.55","New"
"1006","6","08/05/2025 14:00:00","1122.66","Paid"
"1007","7","08/05/2025 07:00:00","1139.77","Shipped"
"1008","8","08/05/2025 00:00:00","1156.88","Cancelled"
"1009","9","08/04/2025 17:00:00","1173.99","New"
"1010","10","08/04/2025 10:00:00","1190.10","Paid"
"1011","11","08/04/2025 03:00:00","1207.21","Shipped"
"1012","12","08/03/2025 20:00:00","1224.32","Cancelled"
"1013","13","08/03/2025 13:00:00","1241.43","New"
"1014","14","08/03/2025 06:00:00","1258.54","Paid"
"1015","15","08/02/2025 23:00:00","1275.65","Shipped"
"1016","16","08/02/2025 16:00:00","1292.76","Cancelled"
"1017","17","08/02/2025 09:00:00","1309.87","New"
"1018","18","08/02/2025 02:00:00","1326.98","Paid"
"1019","19","08/01/2025 19:00:00","1343.09","Shipped"
"1020","20","08/01/2025 12:00:00","1360.20","Cancelled"
"1021","21","08/01/2025 05:00:00","1377.31","New"
"1022","22","07/31/2025 22:00:00","1394.42","Paid"
"1023","23","07/31/2025 15:00:00","1411.53","Shipped"
"1024","24","07/31/2025 08:00:00","1428.64","Cancelled"
"1025","25","07/31/2025 01:00:00","1445.75","New"
"1026","26","07/30/2025 18:00:00","1462.86","Paid"
"1027","27","07/30/2025 11:00:00","1479.97","Shipped"
"1028","28","07/30/2025 04:00:00","1496.08","Cancelled"
"1029","29","07/29/2025 21:00:00","1513.19","New"
"1030","30","07/29/2025 14:00:00","1530.30","Paid"
"1031","31","07/29/2025 07:00:00","1547.41","Shipped"
"1032","32","07/29/2025 00:00:00","1564.52","Cancelled"
"1033","33","07/28/2025 17:00:00","1581.63","New"
"1034","34","07/28/2025 10:00:00","1598.74","Paid"
"1035","35","07/28/2025 03:00:00","1615.85","Shipped"
"1036","36","07/27/2025 20:00:00","1632.96","Cancelled"
"1037","37","07/27/2025 13:00:00","1649.07","New"
"1038","38","07/27/2025 06:00:00","1666.18","Paid"
"1039","39","07/26/2025 23:00:00","1683.29","Shipped"
"1040","40","07/26/2025 16:00:00","1700.40","Cancelled"
"1041","41","07/26/2025 09:00:00","1717.51","New"
"1042","42","07/26/2025 02:00:00","1734.62","Paid"
"1043","43","07/25/2025 19:00:00","1751.73","Shipped"
"1044","44","07/25/2025 12:00:00","1768.84","Cancelled"
"1045","45","07/25/2025 05:00:00","1785.95","New"
"1046","46","07/24/2025 22:00:00","1802.06","Paid"
"1047","47","07/24/2025 15:00:00","1819.17","Shipped"
"1048","48","07/24/2025 08:00:00","1836.28","Cancelled"
"1049","49","07/24/2025 01:00:00","1853.39","New"
"1050","50","07/23/2025 18:00:00","1870.50","Paid"
"1051","51","07/23/2025 11:00:00","1887.61","Shipped"
"1052","52","07/23/2025 04:00:00","1904.72","Cancelled"
"1053","53","07/22/2025 21:00:00","1921.83","New"
"1054","54","07/22/2025 14:00:00","1938.94","Paid"
"1055","55","07/22/2025 07:00:00","1955.05","Shipped"
"1056","56","07/22/2025 00:00:00","1972.16","Cancelled"
"1057","57","07/21/2025 17:00:00","1989.27","New"
"1058","58","07/21/2025 10:00:00","2006.38","Paid"
"1059","59","07/21/2025 03:00:00","23.49","Shipped"
"1060","60","07/20/2025 20:00:00","40.60","Cancelled"
"1061","61","07/20/2025 13:00:00","57.71","New"
"1062","62","07/20/2025 06:00:00","74.82","Paid"
"1063","63","07/19/2025 23:00:00","91.93","Shipped"
"1064","64","07/19/2025 16:00:00","108.04","Cancelled"
"1065","65","07/19/2025 09:00:00","125.15","New"
"1066","66","07/19/2025 02:00:00","142.26","Paid"
"1067","67","07/18/2025 19:00:00","159.37","Shipped"
"1068","68","07/18/2025 12:00:00","176.48","Cancelled"
"1069","69","07/18/2025 05:00:00","193.59","New"
"1070","70","07/17/2025 22:00:00","210.70","Paid"
"1071","71","07/17/2025 15:00:00","227.81","Shipped"
"1072","72","07/17/2025 08:00:00","244.92","Cancelled"
"1073","73","07/17/2025 01:00:00","261.03","New"
"1074","74","07/16/2025 18:00:00","278.14","Paid"
"1075","75","07/16/2025 11:00:00","295.25","Shipped"
"1076","76","07/16/2025 04:00:00","312.36","Cancelled"
"1077","77","07/15/2025 21:00:00","329.47","New"
"1078","78","07/15/2025 14:00:00","346.58","Paid"
"1079","79","07/15/2025 07:00:00","363.69","Shipped"
"1080","80","07/15/2025 00:00:00","380.80","Cancelled"
"1081","81","07/14/2025 17:00:00","397.91","New"
"1082","82","07/14/2025 10:00:00","414.02","Paid"
"1083","83","07/14/2025 03:00:00","431.13","Shipped"
"1084","84","07/13/2025 20:00:00","448.24","Cancelled"
"1085","85","07/13/2025 13:00:00","465.35","New"
"1086","86","07/13/2025 06:00:00","482.46","Paid"
"1087","87","07/12/2025 23:00:00","499.57","Shipped"
"1088","88","07/12/2025 16:00:00","516.68","Cancelled"
"1089","89","07/12/2025 09:00:00","533.79","New"
"1090","90","07/12/2025 02:00:00","550.90","Paid"
"1091","91","07/11/2025 19:00:00","567.01","Shipped"
"1092","92","07/11/2025 12:00:00","584.12","Cancelled"
"1093","93","07/11/2025 05:00:00","601.23","New"
"1094","94","07/10/2025 22:00:00","618.34","Paid"
"1095","95","07/10/2025 15:00:00","635.45","Shipped"
"1096","96","07/10/2025 08:00:00","652.56","Cancelled"
"1097","97","07/10/2025 01:00:00","669.67","New"
"1098","98","07/09/2025 18:00:00","686.78","Paid"
"1099","99","07/09/2025 11:00:00","703.89","Shipped"
"1100","100","07/09/2025 04:00:00","720.00","Cancelled"
"1101","101","07/08/2025 21:00:00","737.11","New"
"1102","102","07/08/2025 14:00:00","754.22","Paid"
"1103","103","07/08/2025 07:00:00","771.33","Shipped"
"1104","104","07/08/2025 00:00:00","788.44","Cancelled"
"1105","105","07/07/2025 17:00:00","805.55","New"
"1106","106","07/07/2025 10:00:00","822.66","Paid"
"1107","107","07/07/2025 03:00:00","839.77","Shipped"
"1108","108","07/06/2025 20:00:00","856.88","Cancelled"
"1109","109","07/06/2025 13:00:00","873.99","New"
"1110","110","07/06/2025 06:00:00","890.10","Paid"
"1111","111","07/05/2025 23:00:00","907.21","Shipped"
"1112","112","07/05/2025 16:00:00","924.32","Cancelled"
"1113","113","07/05/2025 09:00:00","941.43","New"
"1114","114","07/05/2025 02:00:00","958.54","Paid"
"1115","115","07/04/2025 19:00:00","975.65","Shipped"
"1116","116","07/04/2025 12:00:00","992.76","Cancelled"
"1117","117","07/04/2025 05:00:00","1009.87","New"
"1118","118","07/03/2025 22:00:00","1026.98","Paid"
"1119","119","07/03/2025 15:00:00","1043.09","Shipped"
"1120","120","07/03/2025 08:00:00","1060.20","Cancelled"
"1121","121","07/03/2025 01:00:00","1077.31","New"
"1122","122","07/02/2025 18:00:00","1094.42","Paid"
"1123","123","07/02/2025 11:00:00","1111.53","Shipped"
"1124","124","07/02/2025 04:00:00","1128.64","Cancelled"
"1125","125","07/01/2025 21:00:00","1145.75","New"
"1126","126","07/01/2025 14:00:00","1162.86","Paid"
"1127","127","07/01/2025 07:00:00","1179.97","Shipped"
"1128","128","07/01/2025 00:00:00","1196.08","Cancelled"
"1129","129","06/30/2025 17:00:00","1213.19","New"
"1130","130","06/30/2025 10:00:00","1230.30","Paid"
"1131","131","06/30/2025 03:00:00","1247.41","Shipped"
"1132","132","06/29/2025 20:00:00","1264.52","Cancelled"
"1133","133","06/29/2025 13:00:00","1281.63","New"
"1134","134","06/29/2025 06:00:00","1298.74","Paid"
"1135","135","06/28/2025 23:00:00","1315.85","Shipped"
"1136","136","06/28/2025 16:00:00","1332.96","Cancelled"
"1137","137","06/28/2025 09:00:00","1349.07","New"
"1138","138","06/28/2025 02:00:00","1366.18","Paid"
"1139","139","06/27/2025 19:00:00","1383.29","Shipped"
"1140","140","06/27/2025 12:00:00","1400.40","Cancelled"
"1141","141","06/27/2025 05:00:00","1417.51","New"
"1142","142","06/26/2025 22:00:00","1434.62","Paid"
"1143","143","06/26/2025 15:00:00","1451.73","Shipped"
"1144","144","06/26/2025 08:00:00","1468.84","Cancelled"
"1145","145","06/26/2025 01:00:00","1485.95","New"
"1146","146","06/25/2025 18:00:00","1502.06","Paid"
"1147","147","06/25/2025 11:00:00","1519.17","Shipped"
"1148","148","06/25/2025 04:00:00","1536.28","Cancelled"
"1149","149","06/24/2025 21:00:00","1553.39","New"
"1150","150","06/24/2025 14:00:00","1570.50","Paid"
"1151","151","06/24/2025 07:00:00","1587.61","Shipped"
"1152","152","06/24/2025 00:00:00","1604.72","Cancelled"
"1153","153","06/23/2025 17:00:00","1621.83","New"
"1154","154","06/23/2025 10:00:00","1638.94","Paid"
"1155","155","06/23/2025 03:00:00","1655.05","Shipped"
"1156","156","06/22/2025 20:00:00","1672.16","Cancelled"
"1157","157","06/22/2025 13:00:00","1689.27","New"
"1158","158","06/22/2025 06:00:00","1706.38","Paid"
"1159","159","06/21/2025 23:00:00","1723.49","Shipped"
"1160","160","06/21/2025 16:00:00","1740.60","Cancelled"
"1161","161","06/21/2025 09:00:00","1757.71","New"
"1162","162","06/21/2025 02:00:00","1774.82","Paid"
"1163","163","06/20/2025 19:00:00","1791.93","Shipped"
"1164","164","06/20/2025 12:00:00","1808.04","Cancelled"
"1165","165","06/20/2025 05:00:00","1825.15","New"
"1166","166","06/19/2025 22:00:00","1842.26","Paid"
"1167","167","06/19/2025 15:00:00","1859.37","Shipped"
"1168","168","06/19/2025 08:00:00","1876.48","Cancelled"
"1169","169","06/19/2025 01:00:00","1893.59","New"
"1170","170","06/18/2025 18:00:00","1910.70","Paid"
"1171","171","06/18/2025 11:00:00","1927.81","Shipped"
"1172","172","06/18/2025 04:00:00","1944.92","Cancelled"
"1173","173","06/17/2025 21:00:00","1961.03","New"
"1174","174","06/17/2025 14:00:00","1978.14","Paid"
"1175","175","06/17/2025 07:00:00","1995.25","Shipped"
"1176","176","06/17/2025 00:00:00","2012.36","Cancelled"
"1177","177","06/16/2025 17:00:00","29.47","New"
"1178","178","06/16/2025 10:00:00","46.58","Paid"
"1179","179","06/16/2025 03:00:00","63.69","Shipped"
"1180","180","06/15/2025 20:00:00","80.80","Cancelled"
"1181","181","06/15/2025 13:00:00","97.91","New"
"1182","182","06/15/2025 06:00:00","114.02","Paid"
"1183","183","06/14/2025 23:00:00","131.13","Shipped"
"1184","184","06/14/2025 16:00:00","148.24","Cancelled"
"1185","185","06/14/2025 09:00:00","165.35","New"
"1186","186","06/14/2025 02:00:00","182.46","Paid"
"1187","187","06/13/2025 19:00:00","199.57","Shipped"
"1188","188","06/13/2025 12:00:00","216.68","Cancelled"
"1189","189","06/13/2025 05:00:00","233.79","New"
"1190","190","06/12/2025 22:00:00","250.90","Paid"
"1191","191","06/12/2025 15:00:00","267.01","Shipped"
"1192","192","06/12/2025 08:00:00","284.12","Cancelled"
"1193","193","06/12/2025 01:00:00","301.23","New"
"1194","194","06/11/2025 18:00:00","318.34","Paid"
"1195","195","06/11/2025 11:00:00","335.45","Shipped"
"1196","196","06/11/2025 04:00:00","352.56","Cancelled"
"1197","197","06/10/2025 21:00:00","369.67","New"
"1198","198","06/10/2025 14:00:00","386.78","Paid"
"1199","199","06/10/2025 07:00:00","403.89","Shipped"
"1200","200","06/10/2025 00:00:00","420.00","Cancelled"
"1201","201","06/09/2025 17:00:00","437.11","New"
"1202","202","06/09/2025 10:00:00","454.22","Paid"
"1203","203","06/09/2025 03:00:00","471.33","Shipped"
"1204","204","06/08/2025 20:00:00","488.44","Cancelled"
"1205","205","06/08/2025 13:00:00","505.55","New"
"1206","206","06/08/2025 06:00:00","522.66","Paid"
"1207","207","06/07/2025 23:00:00","539.77","Shipped"
"1208","208","06/07/2025 16:00:00","556.88","Cancelled"
"1209","209","06/07/2025 09:00:00","573.99","New"
"1210","210","06/07/2025 02:00:00","590.10","Paid"
"1211","211","06/06/2025 19:00:00","607.21","Shipped"
"1212","212","06/06/2025 12:00:00","624.32","Cancelled"
"1213","213","06/06/2025 05:00:00","641.43","New"
"1214","214","06/05/2025 22:00:00","658.54","Paid"
"1215","215","06/05/2025 15:00:00","675.65","Shipped"
"1216","216","06/05/2025 08:00:00","692.76","Cancelled"
"1217","217","06/05/2025 01:00:00","709.87","New"
"1218","218","06/04/2025 18:00:00","726.98","Paid"
"1219","219","06/04/2025 11:00:00","743.09","Shipped"
"1220","220","06/04/2025 04:00:00","760.20","Cancelled"
"1221","221","06/03/2025 21:00:00","777.31","New"
"1222","222","06/03/2025 14:00:00","794.42","Paid"
"1223","223","06/03/2025 07:00:00","811.53","Shipped"
"1224","224","06/03/2025 00:00:00","828.64","Cancelled"
"1225","225","06/02/2025 17:00:00","845.75","New"
"1226","226","06/02/2025 10:00:00","862.86","Paid"
"1227","227","06/02/2025 03:00:00","879.97","Shipped"
"1228","228","06/01/2025 20:00:00","896.08","Cancelled"
"1229","229","06/01/2025 13:00:00","913.19","New"
"1230","230","06/01/2025 06:00:00","930.30","Paid"
"1231","231","05/31/2025 23:00:00","947.41","Shipped"
"1232","232","05/31/2025 16:00:00","964.52","Cancelled"
"1233","233","05/31/2025 09:00:00","981.63","New"
"1234","234","05/31/2025 02:00:00","998.74","Paid"
"1235","235","05/30/2025 19:00:00","1015.85","Shipped"
"1236","236","05/30/2025 12:00:00","1032.96","Cancelled"
"1237","237","05/30/2025 05:00:00","1049.07","New"
"1238","238","05/29/2025 22:00:00","1066.18","Paid"
"1239","239","05/29/2025 15:00:00","1083.29","Shipped"
"1240","240","05/29/2025 08:00:00","1100.40","Cancelled"
"1241","241","05/29/2025 01:00:00","1117.51","New"
"1242","242","05/28/2025 18:00:00","1134.62","Paid"
"1243","243","05/28/2025 11:00:00","1151.73","Shipped"
"1244","244","05/28/2025 04:00:00","1168.84","Cancelled"
"1245","245","05/27/2025 21:00:00","1185.95","New"
"1246","246","05/27/2025 14:00:00","1202.06","Paid"
"1247","247","05/27/2025 07:00:00","1219.17","Shipped"
"1248","248","05/27/2025 00:00:00","1236.28","Cancelled"
"1249","249","05/26/2025 17:00:00","1253.39","New"
"1250","250","05/26/2025 10:00:00","1270.50","Paid"
"1251","251","05/26/2025 03:00:00","1287.61","Shipped"
"1252","252","05/25/2026 20:00:00","1304.72","Cancelled"
"1253","253","05/25/2026 13:00:00","1321.83","New"
"1254","254","05/25/2026 06:00:00","1338.94","Paid"
"1255","255","05/24/2026 23:00:00","1355.05","Shipped"
"1256","256","05/24/2026 16:00:00","1372.16","Cancelled"
"1257","257","05/24/2026 09:00:00","1389.27","New"
"1258","258","05/24/2026 02:00:00","1406.38","Paid"
"1259","259","05/23/2026 19:00:00","1423.49","Shipped"
"1260","260","05/23/2026 12:00:00","1440.60","Cancelled"
"1261","261","05/23/2026 05:00:00","1457.71","New"
"1262","262","05/22/2026 22:00:00","1474.82","Paid"
"1263","263","05/22/2026 15:00:00","1491.93","Shipped"
"1264","264","05/22/2026 08:00:00","1508.04","Cancelled"
"1265","265","05/22/2026 01:00:00","1525.15","New"
"1266","266","05/21/2026 18:00:00","1542.26","Paid"
"1267","267","05/21/2026 11:00:00","1559.37","Shipped"
"1268","268","05/21/2026 04:00:00","1576.48","Cancelled"
"1269","269","05/20/2026 21:00:00","1593.59","New"
"1270","270","05/20/2026 14:00:00","1610.70","Paid"
"1271","271","05/20/2026 07:00:00","1627.81","Shipped"
"1272","272","05/20/2026 00:00:00","1644.92","Cancelled"
"1273","273","05/19/2026 17:00:00","1661.03","New"
"1274","274","05/19/2026 10:00:00","1678.14","Paid"
"1275","275","05/19/2026 03:00:00","1695.25","Shipped"
"1276","276","05/18/2026 20:00:00","1712.36","Cancelled"
"1277","277","05/18/2026 13:00:00","1729.47","New"
"1278","278","05/18/2026 06:00:00","1746.58","Paid"
"1279","279","05/17/2026 23:00:00","1763.69","Shipped"
"1280","280","05/17/2026 16:00:00","1780.80","Cancelled"
"1281","281","05/17/2026 09:00:00","1797.91","New"
"1282","282","05/17/2026 02:00:00","1814.02","Paid"
"1283","283","05/16/2026 19:00:00","1831.13","Shipped"
"1284","284","05/16/2026 12:00:00","1848.24","Cancelled"
"1285","285","05/16/2026 05:00:00","1865.35","New"
"1286","286","05/15/2026 22:00:00","1882.46","Paid"
"1287","287","05/15/2026 15:00:00","1899.57","Shipped"
"1288","288","05/15/2026 08:00:00","1916.68","Cancelled"
"1289","289","05/15/2026 01:00:00","1933.79","New"
"1290","290","05/14/2026 18:00:00","1950.90","Paid"
"1291","291","05/14/2026 11:00:00","1967.01","Shipped"
"1292","292","05/14/2026 04:00:00","1984.12","Cancelled"
"1293","293","05/13/2026 21:00:00","2001.23","New"
"1294","294","05/13/2026 14:00:00","2018.34","Paid"
"1295","295","05/13/2026 07:00:00","35.45","Shipped"
"1296","296","05/13/2026 00:00:00","52.56","Cancelled"
"1297","297","05/12/2026 17:00:00","69.67","New"
"1298","298","05/12/2026 10:00:00","86.78","Paid"
"1299","299","05/12/2026 03:00:00","103.89","Shipped"
"1300","300","05/11/2026 20:00:00","120.00","Cancelled"
"1301","301","05/11/2026 13:00:00","137.11","New"
"1302","302","05/11/2026 06:00:00","154.22","Paid"
"1303","303","05/10/2026 23:00:00","171.33","Shipped"
"1304","304","05/10/2026 16:00:00","188.44","Cancelled"
"1305","305","05/10/2026 09:00:00","205.55","New"
"1306","306","05/10/2026 02:00:00","222.66","Paid"
"1307","307","05/09/2026 19:00:00","239.77","Shipped"
"1308","308","05/09/2026 12:00:00","256.88","Cancelled"
"1309","309","05/09/2026 05:00:00","273.99","New"
"1310","310","05/08/2026 22:00:00","290.10","Paid"
"1311","311","05/08/2026 15:00:00","307.21","Shipped"
"1312","312","05/08/2026 08:00:00","324.32","Cancelled"
"1313","313","05/08/2026 01:00:00","341.43","New"
"1314","314","05/07/2026 18:00:00","358.54","Paid"
"1315","315","05/07/2026 11:00:00","375.65","Shipped"
"1316","316","05/07/2026 04:00:00","392.76","Cancelled"
"1317","317","05/06/2026 21:00:00","409.87","New"
"1318","318","05/06/2026 14:00:00","426.98","Paid"
"1319","319","05/06/2026 07:00:00","443.09","Shipped"
"1320","320","05/06/2026 00:00:00","460.20","Cancelled"
"1321","321","05/05/2026 17:00:00","477.31","New"
"1322","322","05/05/2026 10:00:00","494.42","Paid"
"1323","323","05/05/2026 03:00:00","511.53","Shipped"
"1324","324","05/04/2026 20:00:00","528.64","Cancelled"
"1325","325","05/04/2026 13:00:00","545.75","New"
"1326","326","05/04/2026 06:00:00","562.86","Paid"
"1327","327","05/03/2026 23:00:00","579.97","Shipped"
"1328","328","05/03/2026 16:00:00","596.08","Cancelled"
"1329","329","05/03/2026 09:00:00","613.19","New"
"1330","330","05/03/2026 02:00:00","630.30","Paid"
"1331","331","05/02/2026 19:00:00","647.41","Shipped"
"1332","332","05/02/2026 12:00:00","664.52","Cancelled"
"1333","333","05/02/2026 05:00:00","681.63","New"
"1334","334","05/01/2026 22:00:00","698.74","Paid"
"1335","335","05/01/2026 15:00:00","715.85","Shipped"
"1336","336","05/01/2026 08:00:00","732.96","Cancelled"
"1337","337","05/01/2026 01:00:00","749.07","New"
"1338","338","04/30/2026 18:00:00","766.18","Paid"
"1339","339","04/30/2026 11:00:00","783.29","Shipped"
"1340","340","04/30/2026 04:00:00","800.40","Cancelled"
"1341","341","04/29/2026 21:00:00","817.51","New"
"1342","342","04/29/2026 14:00:00","834.62","Paid"
"1343","343","04/29/2026 07:00:00","851.73","Shipped"
"1344","344","04/29/2026 00:00:00","868.84","Cancelled"
"1345","345","04/28/2026 17:00:00","885.95","New"
"1346","346","04/28/2026 10:00:00","902.06","Paid"
"1347","347","04/28/2026 03:00:00","919.17","Shipped"
"1348","348","04/27/2026 20:00:00","936.28","Cancelled"
"1349","349","04/27/2026 13:00:00","953.39","New"
"1350","350","04/27/2026 06:00:00","970.50","Paid"
"1351","351","04/26/2026 23:00:00","987.61","Shipped"
"1352","352","04/26/2026 16:00:00","1004.72","Cancelled"
"1353","353","04/26/2026 09:00:00","1021.83","New"
"1354","354","04/26/2026 02:00:00","1038.94","Paid"
"1355","355","04/25/2026 19:00:00","1055.05","Shipped"
"1356","356","04/25/2026 12:00:00","1072.16","Cancelled"
"1357","357","04/25/2026 05:00:00","1089.27","New"
"1358","358","04/24/2026 22:00:00","1106.38","Paid"
"1359","359","04/24/2026 15:00:00","1123.49","Shipped"
"1360","360","04/24/2026 08:00:00","1140.60","Cancelled"
"1361","361","04/24/2026 01:00:00","1157.71","New"
"1362","362","04/23/2026 18:00:00","1174.82","Paid"
"1363","363","04/23/2026 11:00:00","1191.93","Shipped"
"1364","364","04/23/2026 04:00:00","1208.04","Cancelled"
"1365","365","04/22/2026 21:00:00","1225.15","New"
"1366","366","04/22/2026 14:00:00","1242.26","Paid"
"1367","367","04/22/2026 07:00:00","1259.37","Shipped"
"1368","368","04/22/2026 00:00:00","1276.48","Cancelled"
"1369","369","04/21/2026 17:00:00","1293.59","New"
"1370","370","04/21/2026 10:00:00","1310.70","Paid"
"1371","371","04/21/2026 03:00:00","1327.81","Shipped"
"1372","372","04/20/2026 20:00:00","1344.92","Cancelled"
"1373","373","04/20/2026 13:00:00","1361.03","New"
"1374","374","04/20/2026 06:00:00","1378.14","Paid"
"1375","375","04/19/2026 23:00:00","1395.25","Shipped"
"1376","376","04/19/2026 16:00:00","1412.36","Cancelled"
"1377","377","04/19/2026 09:00:00","1429.47","New"
"1378","378","04/19/2026 02:00:00","1446.58","Paid"
"1379","379","04/18/2026 19:00:00","1463.69","Shipped"
"1380","380","04/18/2026 12:00:00","1480.80","Cancelled"
"1381","381","04/18/2026 05:00:00","1497.91","New"
"1382","382","04/17/2026 22:00:00","1514.02","Paid"
"1383","383","04/17/2026 15:00:00","1531.13","Shipped"
"1384","384","04/17/2026 08:00:00","1548.24","Cancelled"
"1385","385","04/17/2026 01:00:00","1565.35","New"
"1386","386","04/16/2026 18:00:00","1582.46","Paid"
"1387","387","04/16/2026 11:00:00","1599.57","Shipped"
"1388","388","04/16/2026 04:00:00","1616.68","Cancelled"
"1389","389","04/15/2026 21:00:00","1633.79","New"
"1390","390","04/15/2026 14:00:00","1650.90","Paid"
"1391","391","04/15/2026 07:00:00","1667.01","Shipped"
"1392","392","04/15/2026 00:00:00","1684.12","Cancelled"
"1393","393","04/14/2026 17:00:00","1701.23","New"
"1394","394","04/14/2026 10:00:00","1718.34","Paid"
"1395","395","04/14/2026 03:00:00","1735.45","Shipped"
"1396","396","04/13/2026 20:00:00","1752.56","Cancelled"
"1397","397","04/13/2026 13:00:00","1769.67","New"
"1398","398","04/13/2026 06:00:00","1786.78","Paid"
"1399","399","04/12/2026 23:00:00","1803.89","Shipped"
"1400","400","04/12/2026 16:00:00","1820.00","Cancelled"
"1401","401","04/12/2026 09:00:00","1837.11","New"
"1402","402","04/12/2026 02:00:00","1854.22","Paid"
"1403","403","04/11/2026 19:00:00","1871.33","Shipped"
"1404","404","04/11/2026 12:00:00","1888.44","Cancelled"
"1405","405","04/11/2026 05:00:00","1905.55","New"
"1406","406","04/10/2026 22:00:00","1922.66","Paid"
"1407","407","04/10/2026 15:00:00","1939.77","Shipped"
"1408","408","04/10/2026 08:00:00","1956.88","Cancelled"
"1409","409","04/10/2026 01:00:00","1973.99","New"
"1410","410","04/09/2026 18:00:00","1990.10","Paid"
"1411","411","04/09/2026 11:00:00","2007.21","Shipped"
"1412","412","04/09/2026 04:00:00","24.32","Cancelled"
"1413","413","04/08/2026 21:00:00","41.43","New"
"1414","414","04/08/2026 14:00:00","58.54","Paid"
"1415","415","04/08/2026 07:00:00","75.65","Shipped"
"1416","416","04/08/2026 00:00:00","92.76","Cancelled"
"1417","417","04/07/2026 17:00:00","109.87","New"
"1418","418","04/07/2026 10:00:00","126.98","Paid"
"1419","419","04/07/2026 03:00:00","143.09","Shipped"
"1420","420","04/06/2026 20:00:00","160.20","Cancelled"
"1421","421","04/06/2026 13:00:00","177.31","New"
"1422","422","04/06/2026 06:00:00","194.42","Paid"
"1423","423","04/05/2026 23:00:00","211.53","Shipped"
"1424","424","04/05/2026 16:00:00","228.64","Cancelled"
"1425","425","04/05/2026 09:00:00","245.75","New"
"1426","426","04/05/2026 02:00:00","262.86","Paid"
"1427","427","04/04/2026 19:00:00","279.97","Shipped"
"1428","428","04/04/2026 12:00:00","296.08","Cancelled"
"1429","429","04/04/2026 05:00:00","313.19","New"
"1430","430","04/03/2026 22:00:00","330.30","Paid"
"1431","431","04/03/2026 15:00:00","347.41","Shipped"
"1432","432","04/03/2026 08:00:00","364.52","Cancelled"
"1433","433","04/03/2026 01:00:00","381.63","New"
"1434","434","04/02/2026 18:00:00","398.74","Paid"
"1435","435","04/02/2026 11:00:00","415.85","Shipped"
"1436","436","04/02/2026 04:00:00","432.96","Cancelled"
"1437","437","04/01/2026 21:00:00","449.07","New"
"1438","438","04/01/2026 14:00:00","466.18","Paid"
"1439","439","04/01/2026 07:00:00","483.29","Shipped"
"1440","440","04/01/2026 00:00:00","500.40","Cancelled"
"1441","441","03/31/2026 17:00:00","517.51","New"
"1442","442","03/31/2026 10:00:00","534.62","Paid"
"1443","443","03/31/2026 03:00:00","551.73","Shipped"
"1444","444","03/30/2026 20:00:00","568.84","Cancelled"
"1445","445","03/30/2026 13:00:00","585.95","New"
"1446","446","03/30/2026 06:00:00","602.06","Paid"
"1447","447","03/29/2026 23:00:00","619.17","Shipped"
"1448","448","03/29/2026 16:00:00","636.28","Cancelled"
"1449","449","03/29/2026 09:00:00","653.39","New"
"1450","450","03/29/2026 02:00:00","670.50","Paid"
"1451","451","03/28/2026 19:00:00","687.61","Shipped"
"1452","452","03/28/2026 12:00:00","704.72","Cancelled"
"1453","453","03/28/2026 05:00:00","721.83","New"
"1454","454","03/27/2026 22:00:00","738.94","Paid"
"1455","455","03/27/2026 15:00:00","755.05","Shipped"
"1456","456","03/27/2026 08:00:00","772.16","Cancelled"
"1457","457","03/27/2026 01:00:00","789.27","New"
"1458","458","03/26/2026 18:00:00","806.38","Paid"
"1459","459","03/26/2026 11:00:00","823.49","Shipped"
"1460","460","03/26/2026 04:00:00","840.60","Cancelled"
"1461","461","03/25/2026 21:00:00","857.71","New"
"1462","462","03/25/2026 14:00:00","874.82","Paid"
"1463","463","03/25/2026 07:00:00","891.93","Shipped"
"1464","464","03/25/2026 00:00:00","908.04","Cancelled"
"1465","465","03/24/2026 17:00:00","925.15","New"
"1466","466","03/24/2026 10:00:00","942.26","Paid"
"1467","467","03/24/2026 03:00:00","959.37","Shipped"
"1468","468","03/23/2026 20:00:00","976.48","Cancelled"
"1469","469","03/23/2026 13:00:00","993.59","New"
"1470","470","03/23/2026 06:00:00","1010.70","Paid"
"1471","471","03/22/2026 23:00:00","1027.81","Shipped"
"1472","472","03/22/2026 16:00:00","1044.92","Cancelled"
"1473","473","03/22/2026 09:00:00","1061.03","New"
"1474","474","03/22/2026 02:00:00","1078.14","Paid"
"1475","475","03/21/2026 19:00:00","1095.25","Shipped"
"1476","476","03/21/2026 12:00:00","1112.36","Cancelled"
"1477","477","03/21/2026 05:00:00","1129.47","New"
"1478","478","03/20/2026 22:00:00","1146.58","Paid"
"1479","479","03/20/2026 15:00:00","1163.69","Shipped"
"1480","480","03/20/2026 08:00:00","1180.80","Cancelled"
"1481","481","03/20/2026 01:00:00","1197.91","New"
"1482","482","03/19/2026 18:00:00","1214.02","Paid"
"1483","483","03/19/2026 11:00:00","1231.13","Shipped"
"1484","484","03/19/2026 04:00:00","1248.24","Cancelled"
"1485","485","03/18/2026 21:00:00","1265.35","New"
"1486","486","03/18/2026 14:00:00","1282.46","Paid"
"1487","487","03/18/2026 07:00:00","1299.57","Shipped"
"1488","488","03/18/2026 00:00:00","1316.68","Cancelled"
"1489","489","03/17/2026 17:00:00","1333.79","New"
"1490","490","03/17/2026 10:00:00","1350.90","Paid"
"1491","491","03/17/2026 03:00:00","1367.01","Shipped"
"1492","492","03/16/2026 20:00:00","1384.12","Cancelled"
"1493","493","03/16/2026 13:00:00","1401.23","New"
"1494","494","03/16/2026 06:00:00","1418.34","Paid"
"1495","495","03/15/2026 23:00:00","1435.45","Shipped"
"1496","496","03/15/2026 16:00:00","1452.56","Cancelled"
"1497","497","03/15/2026 09:00:00","1469.67","New"
"1498","498","03/15/2026 02:00:00","1486.78","Paid"
"1499","499","03/14/2026 19:00:00","1503.89","Shipped"
"1500","500","03/14/2026 12:00:00","1520.00","Cancelled"
"1501","1","03/14/2026 05:00:00","1537.11","New"
"1502","2","03/13/2026 22:00:00","1554.22","Paid"
"1503","3","03/13/2026 15:00:00","1571.33","Shipped"
"1504","4","03/13/2026 08:00:00","1588.44","Cancelled"
"1505","5","03/13/2026 01:00:00","1605.55","New"
"1506","6","03/12/2026 18:00:00","1622.66","Paid"
"1507","7","03/12/2026 11:00:00","1639.77","Shipped"
"1508","8","03/12/2026 04:00:00","1656.88","Cancelled"
"1509","9","03/11/2026 21:00:00","1673.99","New"
"1510","10","03/11/2026 14:00:00","1690.10","Paid"
"1511","11","03/11/2026 07:00:00","1707.21","Shipped"
"1512","12","03/11/2026 00:00:00","1724.32","Cancelled"
"1513","13","03/10/2026 17:00:00","1741.43","New"
"1514","14","03/10/2026 10:00:00","1758.54","Paid"
"1515","15","03/10/2026 03:00:00","1775.65","Shipped"
"1516","16","03/09/2026 20:00:00","1792.76","Cancelled"
"1517","17","03/09/2026 13:00:00","1809.87","New"
"1518","18","03/09/2026 06:00:00","1826.98","Paid"
"1519","19","03/08/2026 23:00:00","1843.09","Shipped"
"1520","20","03/08/2026 16:00:00","1860.20","Cancelled"
"1521","21","03/08/2026 09:00:00","1877.31","New"
"1522","22","03/08/2026 02:00:00","1894.42","Paid"
"1523","23","03/07/2026 19:00:00","1911.53","Shipped"
"1524","24","03/07/2026 12:00:00","1928.64","Cancelled"
"1525","25","03/07/2026 05:00:00","1945.75","New"
"1526","26","03/06/2026 22:00:00","1962.86","Paid"
"1527","27","03/06/2026 15:00:00","1979.97","Shipped"
"1528","28","03/06/2026 08:00:00","1996.08","Cancelled"
"1529","29","03/06/2026 01:00:00","2013.19","New"
"1530","30","03/05/2026 18:00:00","30.30","Paid"
"1531","31","03/05/2026 11:00:00","47.41","Shipped"
"1532","32","03/05/2026 04:00:00","64.52","Cancelled"
"1533","33","03/04/2026 21:00:00","81.63","New"
"1534","34","03/04/2026 14:00:00","98.74","Paid"
"1535","35","03/04/2026 07:00:00","115.85","Shipped"
"1536","36","03/04/2026 00:00:00","132.96","Cancelled"
"1537","37","03/03/2026 17:00:00","149.07","New"
"1538","38","03/03/2026 10:00:00","166.18","Paid"
"1539","39","03/03/2026 03:00:00","183.29","Shipped"
"1540","40","03/02/2026 20:00:00","200.40","Cancelled"
"1541","41","03/02/2026 13:00:00","217.51","New"
"1542","42","03/02/2026 06:00:00","234.62","Paid"
"1543","43","03/01/2026 23:00:00","251.73","Shipped"
"1544","44","03/01/2026 16:00:00","268.84","Cancelled"
"1545","45","03/01/2026 09:00:00","285.95","New"
"1546","46","03/01/2026 02:00:00","302.06","Paid"
"1547","47","02/28/2026 19:00:00","319.17","Shipped"
"1548","48","02/28/2026 12:00:00","336.28","Cancelled"
"1549","49","02/28/2026 05:00:00","353.39","New"
"1550","50","02/27/2026 22:00:00","370.50","Paid"
"1551","51","02/27/2026 15:00:00","387.61","Shipped"
"1552","52","02/27/2026 08:00:00","404.72","Cancelled"
"1553","53","02/27/2026 01:00:00","421.83","New"
"1554","54","02/26/2026 18:00:00","438.94","Paid"
"1555","55","02/26/2026 11:00:00","455.05","Shipped"
"1556","56","02/26/2026 04:00:00","472.16","Cancelled"
"1557","57","02/25/2026 21:00:00","489.27","New"
"1558","58","02/25/2026 14:00:00","506.38","Paid"
"1559","59","02/25/2026 07:00:00","523.49","Shipped"
"1560","60","02/25/2026 00:00:00","540.60","Cancelled"
"1561","61","02/24/2026 17:00:00","557.71","New"
"1562","62","02/24/2026 10:00:00","574.82","Paid"
"1563","63","02/24/2026 03:00:00","591.93","Shipped"
"1564","64","02/23/2026 20:00:00","608.04","Cancelled"
"1565","65","02/23/2026 13:00:00","625.15","New"
"1566","66","02/23/2026 06:00:00","642.26","Paid"
"1567","67","02/22/2026 23:00:00","659.37","Shipped"
"1568","68","02/22/2026 16:00:00","676.48","Cancelled"
"1569","69","02/22/2026 09:00:00","693.59","New"
"1570","70","02/22/2026 02:00:00","710.70","Paid"
"1571","71","02/21/2026 19:00:00","727.81","Shipped"
"1572","72","02/21/2026 12:00:00","744.92","Cancelled"
"1573","73","02/21/2026 05:00:00","761.03","New"
"1574","74","02/20/2026 22:00:00","778.14","Paid"
"1575","75","02/20/2026 15:00:00","795.25","Shipped"
"1576","76","02/20/2026 08:00:00","812.36","Cancelled"
"1577","77","02/20/2026 01:00:00","829.47","New"
"1578","78","02/19/2026 18:00:00","846.58","Paid"
"1579","79","02/19/2026 11:00:00","863.69","Shipped"
"1580","80","02/19/2026 04:00:00","880.80","Cancelled"
"1581","81","02/18/2026 21:00:00","897.91","New"
"1582","82","02/18/2026 14:00:00","914.02","Paid"
"1583","83","02/18/2026 07:00:00","931.13","Shipped"
"1584","84","02/18/2026 00:00:00","948.24","Cancelled"
"1585","85","02/17/2026 17:00:00","965.35","New"
"1586","86","02/17/2026 10:00:00","982.46","Paid"
"1587","87","02/17/2026 03:00:00","999.57","Shipped"
"1588","88","02/16/2026 20:00:00","1016.68","Cancelled"
"1589","89","02/16/2026 13:00:00","1033.79","New"
"1590","90","02/16/2026 06:00:00","1050.90","Paid"
"1591","91","02/15/2026 23:00:00","1067.01","Shipped"
"1592","92","02/15/2026 16:00:00","1084.12","Cancelled"
"1593","93","02/15/2026 09:00:00","1101.23","New"
"1594","94","02/15/2026 02:00:00","1118.34","Paid"
"1595","95","02/14/2026 19:00:00","1135.45","Shipped"
"1596","96","02/14/2026 12:00:00","1152.56","Cancelled"
"1597","97","02/14/2026 05:00:00","1169.67","New"
"1598","98","02/13/2026 22:00:00","1186.78","Paid"
"1599","99","02/13/2026 15:00:00","1203.89","Shipped"
"1600","100","02/13/2026 08:00:00","1220.00","Cancelled"
"1601","101","02/13/2026 01:00:00","1237.11","New"
"1602","102","02/12/2026 18:00:00","1254.22","Paid"
"1603","103","02/12/2026 11:00:00","1271.33","Shipped"
"1604","104","02/12/2026 04:00:00","1288.44","Cancelled"
"1605","105","02/11/2026 21:00:00","1305.55","New"
"1606","106","02/11/2026 14:00:00","1322.66","Paid"
"1607","107","02/11/2026 07:00:00","1339.77","Shipped"
"1608","108","02/11/2026 00:00:00","1356.88","Cancelled"
"1609","109","02/10/2026 17:00:00","1373.99","New"
"1610","110","02/10/2026 10:00:00","1390.10","Paid"
"1611","111","02/10/2026 03:00:00","1407.21","Shipped"
"1612","112","02/09/2026 20:00:00","1424.32","Cancelled"
"1613","113","02/09/2026 13:00:00","1441.43","New"
"1614","114","02/09/2026 06:00:00","1458.54","Paid"
"1615","115","02/08/2026 23:00:00","1475.65","Shipped"
"1616","116","02/08/2026 16:00:00","1492.76","Cancelled"
"1617","117","02/08/2026 09:00:00","1509.87","New"
"1618","118","02/08/2026 02:00:00","1526.98","Paid"
"1619","119","02/07/2026 19:00:00","1543.09","Shipped"
"1620","120","02/07/2026 12:00:00","1560.20","Cancelled"
"1621","121","02/07/2026 05:00:00","1577.31","New"
"1622","122","02/06/2026 22:00:00","1594.42","Paid"
"1623","123","02/06/2026 15:00:00","1611.53","Shipped"
"1624","124","02/06/2026 08:00:00","1628.64","Cancelled"
"1625","125","02/06/2026 01:00:00","1645.75","New"
"1626","126","02/05/2026 18:00:00","1662.86","Paid"
"1627","127","02/05/2026 11:00:00","1679.97","Shipped"
"1628","128","02/05/2026 04:00:00","1696.08","Cancelled"
"1629","129","02/04/2026 21:00:00","1713.19","New"
"1630","130","02/04/2026 14:00:00","1730.30","Paid"
"1631","131","02/04/2026 07:00:00","1747.41","Shipped"
"1632","132","02/04/2026 00:00:00","1764.52","Cancelled"
"1633","133","02/03/2026 17:00:00","1781.63","New"
"1634","134","02/03/2026 10:00:00","1798.74","Paid"
"1635","135","02/03/2026 03:00:00","1815.85","Shipped"
"1636","136","02/02/2026 20:00:00","1832.96","Cancelled"
"1637","137","02/02/2026 13:00:00","1849.07","New"
"1638","138","02/02/2026 06:00:00","1866.18","Paid"
"1639","139","02/01/2026 23:00:00","1883.29","Shipped"
"1640","140","02/01/2026 16:00:00","1900.40","Cancelled"
"1641","141","02/01/2026 09:00:00","1917.51","New"
"1642","142","02/01/2026 02:00:00","1934.62","Paid"
"1643","143","01/31/2026 19:00:00","1951.73","Shipped"
"1644","144","01/31/2026 12:00:00","1968.84","Cancelled"
"1645","145","01/31/2026 05:00:00","1985.95","New"
"1646","146","01/30/2026 22:00:00","2002.06","Paid"
"1647","147","01/30/2026 15:00:00","2019.17","Shipped"
"1648","148","01/30/2026 08:00:00","36.28","Cancelled"
"1649","149","01/30/2026 01:00:00","53.39","New"
"1650","150","01/29/2026 18:00:00","70.50","Paid"
"1651","151","01/29/2026 11:00:00","87.61","Shipped"
"1652","152","01/29/2026 04:00:00","104.72","Cancelled"
"1653","153","01/28/2026 21:00:00","121.83","New"
"1654","154","01/28/2026 14:00:00","138.94","Paid"
"1655","155","01/28/2026 07:00:00","155.05","Shipped"
"1656","156","01/28/2026 00:00:00","172.16","Cancelled"
"1657","157","01/27/2026 17:00:00","189.27","New"
"1658","158","01/27/2026 10:00:00","206.38","Paid"
"1659","159","01/27/2026 03:00:00","223.49","Shipped"
"1660","160","01/26/2026 20:00:00","240.60","Cancelled"
"1661","161","01/26/2026 13:00:00","257.71","New"
"1662","162","01/26/2026 06:00:00","274.82","Paid"
"1663","163","01/25/2026 23:00:00","291.93","Shipped"
"1664","164","01/25/2026 16:00:00","308.04","Cancelled"
"1665","165","01/25/2026 09:00:00","325.15","New"
"1666","166","01/25/2026 02:00:00","342.26","Paid"
"1667","167","01/24/2026 19:00:00","359.37","Shipped"
"1668","168","01/24/2026 12:00:00","376.48","Cancelled"
"1669","169","01/24/2026 05:00:00","393.59","New"
"1670","170","01/23/2026 22:00:00","410.70","Paid"
"1671","171","01/23/2026 15:00:00","427.81","Shipped"
"1672","172","01/23/2026 08:00:00","444.92","Cancelled"
"1673","173","01/23/2026 01:00:00","461.03","New"
"1674","174","01/22/2026 18:00:00","478.14","Paid"
"1675","175","01/22/2026 11:00:00","495.25","Shipped"
"1676","176","01/22/2026 04:00:00","512.36","Cancelled"
"1677","177","01/21/2026 21:00:00","529.47","New"
"1678","178","01/21/2026 14:00:00","546.58","Paid"
"1679","179","01/21/2026 07:00:00","563.69","Shipped"
"1680","180","01/21/2026 00:00:00","580.80","Cancelled"
"1681","181","01/20/2026 17:00:00","597.91","New"
"1682","182","01/20/2026 10:00:00","614.02","Paid"
"1683","183","01/20/2026 03:00:00","631.13","Shipped"
"1684","184","01/19/2026 20:00:00","648.24","Cancelled"
"1685","185","01/19/2026 13:00:00","665.35","New"
"1686","186","01/19/2026 06:00:00","682.46","Paid"
"1687","187","01/18/2026 23:00:00","699.57","Shipped"
"1688","188","01/18/2026 16:00:00","716.68","Cancelled"
"1689","189","01/18/2026 09:00:00","733.79","New"
"1690","190","01/18/2026 02:00:00","750.90","Paid"
"1691","191","01/17/2026 19:00:00","767.01","Shipped"
"1692","192","01/17/2026 12:00:00","784.12","Cancelled"
"1693","193","01/17/2026 05:00:00","801.23","New"
"1694","194","01/16/2026 22:00:00","818.34","Paid"
"1695","195","01/16/2026 15:00:00","835.45","Shipped"
"1696","196","01/16/2026 08:00:00","852.56","Cancelled"
"1697","197","01/16/2026 01:00:00","869.67","New"
"1698","198","01/15/2026 18:00:00","886.78","Paid"
"1699","199","01/15/2026 11:00:00","903.89","Shipped"
"1700","200","01/15/2026 04:00:00","920.00","Cancelled"
"1701","201","01/14/2026 21:00:00","937.11","New"
"1702","202","01/14/2026 14:00:00","954.22","Paid"
"1703","203","01/14/2026 07:00:00","971.33","Shipped"
"1704","204","01/14/2026 00:00:00","988.44","Cancelled"
"1705","205","01/13/2026 17:00:00","1005.55","New"
"1706","206","01/13/2026 10:00:00","1022.66","Paid"
"1707","207","01/13/2026 03:00:00","1039.77","Shipped"
"1708","208","01/12/2026 20:00:00","1056.88","Cancelled"
"1709","209","01/12/2026 13:00:00","1073.99","New"
"1710","210","01/12/2026 06:00:00","1090.10","Paid"
"1711","211","01/11/2026 23:00:00","1107.21","Shipped"
"1712","212","01/11/2026 16:00:00","1124.32","Cancelled"
"1713","213","01/11/2026 09:00:00","1141.43","New"
"1714","214","01/11/2026 02:00:00","1158.54","Paid"
"1715","215","01/10/2026 19:00:00","1175.65","Shipped"
"1716","216","01/10/2026 12:00:00","1192.76","Cancelled"
"1717","217","01/10/2026 05:00:00","1209.87","New"
"1718","218","01/09/2026 22:00:00","1226.98","Paid"
"1719","219","01/09/2026 15:00:00","1243.09","Shipped"
"1720","220","01/09/2026 08:00:00","1260.20","Cancelled"
"1721","221","01/09/2026 01:00:00","1277.31","New"
"1722","222","01/08/2026 18:00:00","1294.42","Paid"
"1723","223","01/08/2026 11:00:00","1311.53","Shipped"
"1724","224","01/08/2026 04:00:00","1328.64","Cancelled"
"1725","225","01/07/2026 21:00:00","1345.75","New"
"1726","226","01/07/2026 14:00:00","1362.86","Paid"
"1727","227","01/07/2026 07:00:00","1379.97","Shipped"
"1728","228","01/07/2026 00:00:00","1396.08","Cancelled"
"1729","229","01/06/2026 17:00:00","1413.19","New"
"1730","230","01/06/2026 10:00:00","1430.30","Paid"
"1731","231","01/06/2026 03:00:00","1447.41","Shipped"
"1732","232","01/05/2026 20:00:00","1464.52","Cancelled"
"1733","233","01/05/2026 13:00:00","1481.63","New"
"1734","234","01/05/2026 06:00:00","1498.74","Paid"
"1735","235","01/04/2026 23:00:00","1515.85","Shipped"
"1736","236","01/04/2026 16:00:00","1532.96","Cancelled"
"1737","237","01/04/2026 09:00:00","1549.07","New"
"1738","238","01/04/2026 02:00:00","1566.18","Paid"
"1739","239","01/03/2026 19:00:00","1583.29","Shipped"
"1740","240","01/03/2026 12:00:00","1600.40","Cancelled"
"1741","241","01/03/2026 05:00:00","1617.51","New"
"1742","242","01/02/2026 22:00:00","1634.62","Paid"
"1743","243","01/02/2026 15:00:00","1651.73","Shipped"
"1744","244","01/02/2026 08:00:00","1668.84","Cancelled"
"1745","245","01/02/2026 01:00:00","1685.95","New"
"1746","246","01/01/2026 18:00:00","1702.06","Paid"
"1747","247","01/01/2026 11:00:00","1719.17","Shipped"
"1748","248","01/01/2026 04:00:00","1736.28","Cancelled"
"1749","249","12/31/2025 21:00:00","1753.39","New"
"1750","250","12/31/2025 14:00:00","1770.50","Paid"
"1751","251","12/31/2025 07:00:00","1787.61","Shipped"
"1752","252","12/31/2025 00:00:00","1804.72","Cancelled"
"1753","253","12/30/2025 17:00:00","1821.83","New"
"1754","254","12/30/2025 10:00:00","1838.94","Paid"
"1755","255","12/30/2025 03:00:00","1855.05","Shipped"
"1756","256","12/29/2025 20:00:00","1872.16","Cancelled"
"1757","257","12/29/2025 13:00:00","1889.27","New"
"1758","258","12/29/2025 06:00:00","1906.38","Paid"
"1759","259","12/28/2025 23:00:00","1923.49","Shipped"
"1760","260","12/28/2025 16:00:00","1940.60","Cancelled"
"1761","261","12/28/2025 09:00:00","1957.71","New"
"1762","262","12/28/2025 02:00:00","1974.82","Paid"
"1763","263","12/27/2025 19:00:00","1991.93","Shipped"
"1764","264","12/27/2025 12:00:00","2008.04","Cancelled"
"1765","265","12/27/2025 05:00:00","25.15","New"
"1766","266","12/26/2025 22:00:00","42.26","Paid"
"1767","267","12/26/2025 15:00:00","59.37","Shipped"
"1768","268","12/26/2025 08:00:00","76.48","Cancelled"
"1769","269","12/26/2025 01:00:00","93.59","New"
"1770","270","12/25/2025 18:00:00","110.70","Paid"
"1771","271","12/25/2025 11:00:00","127.81","Shipped"
"1772","272","12/25/2025 04:00:00","144.92","Cancelled"
"1773","273","12/24/2025 21:00:00","161.03","New"
"1774","274","12/24/2025 14:00:00","178.14","Paid"
"1775","275","12/24/2025 07:00:00","195.25","Shipped"
"1776","276","12/24/2025 00:00:00","212.36","Cancelled"
"1777","277","12/23/2025 17:00:00","229.47","New"
"1778","278","12/23/2025 10:00:00","246.58","Paid"
"1779","279","12/23/2025 03:00:00","263.69","Shipped"
"1780","280","12/22/2025 20:00:00","280.80","Cancelled"
"1781","281","12/22/2025 13:00:00","297.91","New"
"1782","282","12/22/2025 06:00:00","314.02","Paid"
"1783","283","12/21/2025 23:00:00","331.13","Shipped"
"1784","284","12/21/2025 16:00:00","348.24","Cancelled"
"1785","285","12/21/2025 09:00:00","365.35","New"
"1786","286","12/21/2025 02:00:00","382.46","Paid"
"1787","287","12/20/2025 19:00:00","399.57","Shipped"
"1788","288","12/20/2025 12:00:00","416.68","Cancelled"
"1789","289","12/20/2025 05:00:00","433.79","New"
"1790","290","12/19/2025 22:00:00","450.90","Paid"
"1791","291","12/19/2025 15:00:00","467.01","Shipped"
"1792","292","12/19/2025 08:00:00","484.12","Cancelled"
"1793","293","12/19/2025 01:00:00","501.23","New"
"1794","294","12/18/2025 18:00:00","518.34","Paid"
"1795","295","12/18/2025 11:00:00","535.45","Shipped"
"1796","296","12/18/2025 04:00:00","552.56","Cancelled"
"1797","297","12/17/2025 21:00:00","569.67","New"
"1798","298","12/17/2025 14:00:00","586.78","Paid"
"1799","299","12/17/2025 07:00:00","603.89","Shipped"
"1800","300","12/17/2025 00:00:00","620.00","Cancelled"
"1801","301","12/16/2025 17:00:00","637.11","New"
"1802","302","12/16/2025 10:00:00","654.22","Paid"
"1803","303","12/16/2025 03:00:00","671.33","Shipped"
"1804","304","12/15/2025 20:00:00","688.44","Cancelled"
"1805","305","12/15/2025 13:00:00","705.55","New"
"1806","306","12/15/2025 06:00:00","722.66","Paid"
"1807","307","12/14/2025 23:00:00","739.77","Shipped"
"1808","308","12/14/2025 16:00:00","756.88","Cancelled"
"1809","309","12/14/2025 09:00:00","773.99","New"
"1810","310","12/14/2025 02:00:00","790.10","Paid"
"1811","311","12/13/2025 19:00:00","807.21","Shipped"
"1812","312","12/13/2025 12:00:00","824.32","Cancelled"
"1813","313","12/13/2025 05:00:00","841.43","New"
"1814","314","12/12/2025 22:00:00","858.54","Paid"
"1815","315","12/12/2025 15:00:00","875.65","Shipped"
"1816","316","12/12/2025 08:00:00","892.76","Cancelled"
"1817","317","12/12/2025 01:00:00","909.87","New"
"1818","318","12/11/2025 18:00:00","926.98","Paid"
"1819","319","12/11/2025 11:00:00","943.09","Shipped"
"1820","320","12/11/2025 04:00:00","960.20","Cancelled"
"1821","321","12/10/2025 21:00:00","977.31","New"
"1822","322","12/10/2025 14:00:00","994.42","Paid"
"1823","323","12/10/2025 07:00:00","1011.53","Shipped"
"1824","324","12/10/2025 00:00:00","1028.64","Cancelled"
"1825","325","12/09/2025 17:00:00","1045.75","New"
"1826","326","12/09/2025 10:00:00","1062.86","Paid"
"1827","327","12/09/2025 03:00:00","1079.97","Shipped"
"1828","328","12/08/2025 20:00:00","1096.08","Cancelled"
"1829","329","12/08/2025 13:00:00","1113.19","New"
"1830","330","12/08/2025 06:00:00","1130.30","Paid"
"1831","331","12/07/2025 23:00:00","1147.41","Shipped"
"1832","332","12/07/2025 16:00:00","1164.52","Cancelled"
"1833","333","12/07/2025 09:00:00","1181.63","New"
"1834","334","12/07/2025 02:00:00","1198.74","Paid"
"1835","335","12/06/2025 19:00:00","1215.85","Shipped"
"1836","336","12/06/2025 12:00:00","1232.96","Cancelled"
"1837","337","12/06/2025 05:00:00","1249.07","New"
"1838","338","12/05/2025 22:00:00","1266.18","Paid"
"1839","339","12/05/2025 15:00:00","1283.29","Shipped"
"1840","340","12/05/2025 08:00:00","1300.40","Cancelled"
"1841","341","12/05/2025 01:00:00","1317.51","New"
"1842","342","12/04/2025 18:00:00","1334.62","Paid"
"1843","343","12/04/2025 11:00:00","1351.73","Shipped"
"1844","344","12/04/2025 04:00:00","1368.84","Cancelled"
"1845","345","12/03/2025 21:00:00","1385.95","New"
"1846","346","12/03/2025 14:00:00","1402.06","Paid"
"1847","347","12/03/2025 07:00:00","1419.17","Shipped"
"1848","348","12/03/2025 00:00:00","1436.28","Cancelled"
"1849","349","12/02/2025 17:00:00","1453.39","New"
"1850","350","12/02/2025 10:00:00","1470.50","Paid"
"1851","351","12/02/2025 03:00:00","1487.61","Shipped"
"1852","352","12/01/2025 20:00:00","1504.72","Cancelled"
"1853","353","12/01/2025 13:00:00","1521.83","New"
"1854","354","12/01/2025 06:00:00","1538.94","Paid"
"1855","355","11/30/2025 23:00:00","1555.05","Shipped"
"1856","356","11/30/2025 16:00:00","1572.16","Cancelled"
"1857","357","11/30/2025 09:00:00","1589.27","New"
"1858","358","11/30/2025 02:00:00","1606.38","Paid"
"1859","359","11/29/2025 19:00:00","1623.49","Shipped"
"1860","360","11/29/2025 12:00:00","1640.60","Cancelled"
"1861","361","11/29/2025 05:00:00","1657.71","New"
"1862","362","11/28/2025 22:00:00","1674.82","Paid"
"1863","363","11/28/2025 15:00:00","1691.93","Shipped"
"1864","364","11/28/2025 08:00:00","1708.04","Cancelled"
"1865","365","11/28/2025 01:00:00","1725.15","New"
"1866","366","11/27/2025 18:00:00","1742.26","Paid"
"1867","367","11/27/2025 11:00:00","1759.37","Shipped"
"1868","368","11/27/2025 04:00:00","1776.48","Cancelled"
"1869","369","11/26/2025 21:00:00","1793.59","New"
"1870","370","11/26/2025 14:00:00","1810.70","Paid"
"1871","371","11/26/2025 07:00:00","1827.81","Shipped"
"1872","372","11/26/2025 00:00:00","1844.92","Cancelled"
"1873","373","11/25/2025 17:00:00","1861.03","New"
"1874","374","11/25/2025 10:00:00","1878.14","Paid"
"1875","375","11/25/2025 03:00:00","1895.25","Shipped"
"1876","376","11/24/2025 20:00:00","1912.36","Cancelled"
"1877","377","11/24/2025 13:00:00","1929.47","New"
"1878","378","11/24/2025 06:00:00","1946.58","Paid"
"1879","379","11/23/2025 23:00:00","1963.69","Shipped"
"1880","380","11/23/2025 16:00:00","1980.80","Cancelled"
"1881","381","11/23/2025 09:00:00","1997.91","New"
"1882","382","11/23/2025 02:00:00","2014.02","Paid"
"1883","383","11/22/2025 19:00:00","31.13","Shipped"
"1884","384","11/22/2025 12:00:00","48.24","Cancelled"
"1885","385","11/22/2025 05:00:00","65.35","New"
"1886","386","11/21/2025 22:00:00","82.46","Paid"
"1887","387","11/21/2025 15:00:00","99.57","Shipped"
"1888","388","11/21/2025 08:00:00","116.68","Cancelled"
"1889","389","11/21/2025 01:00:00","133.79","New"
"1890","390","11/20/2025 18:00:00","150.90","Paid"
"1891","391","11/20/2025 11:00:00","167.01","Shipped"
"1892","392","11/20/2025 04:00:00","184.12","Cancelled"
"1893","393","11/19/2025 21:00:00","201.23","New"
"1894","394","11/19/2025 14:00:00","218.34","Paid"
"1895","395","11/19/2025 07:00:00","235.45","Shipped"
"1896","396","11/19/2025 00:00:00","252.56","Cancelled"
"1897","397","11/18/2025 17:00:00","269.67","New"
"1898","398","11/18/2025 10:00:00","286.78","Paid"
"1899","399","11/18/2025 03:00:00","303.89","Shipped"
"1900","400","11/17/2025 20:00:00","320.00","Cancelled"
"1901","401","11/17/2025 13:00:00","337.11","New"
"1902","402","11/17/2025 06:00:00","354.22","Paid"
"1903","403","11/16/2025 23:00:00","371.33","Shipped"
"1904","404","11/16/2025 16:00:00","388.44","Cancelled"
"1905","405","11/16/2025 09:00:00","405.55","New"
"1906","406","11/16/2025 02:00:00","422.66","Paid"
"1907","407","11/15/2025 19:00:00","439.77","Shipped"
"1908","408","11/15/2025 12:00:00","456.88","Cancelled"
"1909","409","11/15/2025 05:00:00","473.99","New"
"1910","410","11/14/2025 22:00:00","490.10","Paid"
"1911","411","11/14/2025 15:00:00","507.21","Shipped"
"1912","412","11/14/2025 08:00:00","524.32","Cancelled"
"1913","413","11/14/2025 01:00:00","541.43","New"
"1914","414","11/13/2025 18:00:00","558.54","Paid"
"1915","415","11/13/2025 11:00:00","575.65","Shipped"
"1916","416","11/13/2025 04:00:00","592.76","Cancelled"
"1917","417","11/12/2025 21:00:00","609.87","New"
"1918","418","11/12/2025 14:00:00","626.98","Paid"
"1919","419","11/12/2025 07:00:00","643.09","Shipped"
"1920","420","11/12/2025 00:00:00","660.20","Cancelled"
"1921","421","11/11/2025 17:00:00","677.31","New"
"1922","422","11/11/2025 10:00:00","694.42","Paid"
"1923","423","11/11/2025 03:00:00","711.53","Shipped"
"1924","424","11/10/2025 20:00:00","728.64","Cancelled"
"1925","425","11/10/2025 13:00:00","745.75","New"
"1926","426","11/10/2025 06:00:00","762.86","Paid"
"1927","427","11/09/2025 23:00:00","779.97","Shipped"
"1928","428","11/09/2025 16:00:00","796.08","Cancelled"
"1929","429","11/09/2025 09:00:00","813.19","New"
"1930","430","11/09/2025 02:00:00","830.30","Paid"
"1931","431","11/08/2025 19:00:00","847.41","Shipped"
"1932","432","11/08/2025 12:00:00","864.52","Cancelled"
"1933","433","11/08/2025 05:00:00","881.63","New"
"1934","434","11/07/2025 22:00:00","898.74","Paid"
"1935","435","11/07/2025 15:00:00","915.85","Shipped"
"1936","436","11/07/2025 08:00:00","932.96","Cancelled"
"1937","437","11/07/2025 01:00:00","949.07","New"
"1938","438","11/06/2025 18:00:00","966.18","Paid"
"1939","439","11/06/2025 11:00:00","983.29","Shipped"
"1940","440","11/06/2025 04:00:00","1000.40","Cancelled"
"1941","441","11/05/2025 21:00:00","1017.51","New"
"1942","442","11/05/2025 14:00:00","1034.62","Paid"
"1943","443","11/05/2025 07:00:00","1051.73","Shipped"
"1944","444","11/05/2025 00:00:00","1068.84","Cancelled"
"1945","445","11/04/2025 17:00:00","1085.95","New"
"1946","446","11/04/2025 10:00:00","1102.06","Paid"
"1947","447","11/04/2025 03:00:00","1119.17","Shipped"
"1948","448","11/03/2025 20:00:00","1136.28","Cancelled"
"1949","449","11/03/2025 13:00:00","1153.39","New"
"1950","450","11/03/2025 06:00:00","1170.50","Paid"
"1951","451","11/02/2025 23:00:00","1187.61","Shipped"
"1952","452","11/02/2025 16:00:00","1204.72","Cancelled"
"1953","453","11/02/2025 09:00:00","1221.83","New"
"1954","454","11/02/2025 02:00:00","1238.94","Paid"
"1955","455","11/01/2025 19:00:00","1255.05","Shipped"
"1956","456","11/01/2025 12:00:00","1272.16","Cancelled"
"1957","457","11/01/2025 05:00:00","1289.27","New"
"1958","458","10/31/2025 22:00:00","1306.38","Paid"
"1959","459","10/31/2025 15:00:00","1323.49","Shipped"
"1960","460","10/31/2025 08:00:00","1340.60","Cancelled"
"1961","461","10/31/2025 01:00:00","1357.71","New"
"1962","462","10/30/2025 18:00:00","1374.82","Paid"
"1963","463","10/30/2025 11:00:00","1391.93","Shipped"
"1964","464","10/30/2025 04:00:00","1408.04","Cancelled"
"1965","465","10/29/2025 21:00:00","1425.15","New"
"1966","466","10/29/2025 14:00:00","1442.26","Paid"
"1967","467","10/29/2025 07:00:00","1459.37","Shipped"
"1968","468","10/29/2025 00:00:00","1476.48","Cancelled"
"1969","469","10/28/2025 17:00:00","1493.59","New"
"1970","470","10/28/2025 10:00:00","1510.70","Paid"
"1971","471","10/28/2025 03:00:00","1527.81","Shipped"
"1972","472","10/27/2025 20:00:00","1544.92","Cancelled"
"1973","473","10/27/2025 13:00:00","1561.03","New"
"1974","474","10/27/2025 06:00:00","1578.14","Paid"
"1975","475","10/26/2025 23:00:00","1595.25","Shipped"
"1976","476","10/26/2025 16:00:00","1612.36","Cancelled"
"1977","477","10/26/2025 09:00:00","1629.47","New"
"1978","478","10/26/2025 02:00:00","1646.58","Paid"
"1979","479","10/25/2025 19:00:00","1663.69","Shipped"
"1980","480","10/25/2025 12:00:00","1680.80","Cancelled"
"1981","481","10/25/2025 05:00:00","1697.91","New"
"1982","482","10/24/2025 22:00:00","1714.02","Paid"
"1983","483","10/24/2025 15:00:00","1731.13","Shipped"
"1984","484","10/24/2025 08:00:00","1748.24","Cancelled"
"1985","485","10/24/2025 01:00:00","1765.35","New"
"1986","486","10/23/2025 18:00:00","1782.46","Paid"
"1987","487","10/23/2025 11:00:00","1799.57","Shipped"
"1988","488","10/23/2025 04:00:00","1816.68","Cancelled"
"1989","489","10/22/2025 21:00:00","1833.79","New"
"1990","490","10/22/2025 14:00:00","1850.90","Paid"
"1991","491","10/22/2025 07:00:00","1867.01","Shipped"
"1992","492","10/22/2025 00:00:00","1884.12","Cancelled"
"1993","493","10/21/2025 17:00:00","1901.23","New"
"1994","494","10/21/2025 10:00:00","1918.34","Paid"
"1995","495","10/21/2025 03:00:00","1935.45","Shipped"
"1996","496","10/20/2025 20:00:00","1952.56","Cancelled"
"1997","497","10/20/2025 13:00:00","1969.67","New"
"1998","498","10/20/2025 06:00:00","1986.78","Paid"
"1999","499","10/19/2025 23:00:00","2003.89","Shipped"
"2000","500","10/19/2025 16:00:00","20.00","Cancelled"
